 LISTA_DE_INGREDIENTES ; TIPO DE INGREDIENTE ; UNID ;P.U.; OBSERVACIONES ; PROVEEDOR 
 Aceite ; Abarrotes ; lt ; 3.450 ; botella 1 LT ; Fruton 
 Aceite de dende ; Abarrotes ; lt ; 11.820 ; bot.200 cc ; Comon 
 aceite de dende ; Abarrotes ;frasco; 3.500 ; 500cc frasco ; juanito perez 
 Aceite de oliva ; Abarrotes ; lt ; 5.782 ; 26900 5 litros ; Arasil 
 Aceite de sésamo ; Abarrotes ; lt ; 18.225 ; bot.200 cc ; Fruton 
 Aceite frito master ; Abarrotes ;lt; 1.385 ; Bidón de 10lt ; cambiar 
 Aceite Tartufo ; Abarrotes ;lt; 29.900 ; 2990 100ml ; Globe Italia 
 aceituna rebanadas ; Abarrotes ;kg; 5.990 ; 1 kilo ; Miguel Farias 
 aceituna verde ; Abarrotes ;kg; 5.490 ;; Delicias y mas SpA 
 aceituna verde sin cuesco ; Abarrotes ;kg; 4.500 ;; Fruton 
 Aceitunas de azapa ; Abarrotes ;kg; 3.690 ;; Fruton 
 aceitunas deshuesadas ; Abarrotes ;kg; 4.500 ;; Fruton 
 Aceitunas moradas ; Abarrotes ;kg; 5.200 ;; Fruton 
 Acelga ; Frutas/Verduras ;pqte; 790 ;; Fruton 
 Achicoria ; Frutas/Verduras ;unid; 795 ;; Agromarket 
 Agua ; Abarrotes ;lt; -   ;; Bodega 
 Agua ardiente ; Tragos ;botella; 1.420 ;; German Garci 
 Agua con gas Cachantún 1,6 lt ; Bebidas ; botella ; 605,00 ;; CCU 
 Agua mineral con gas Benedictino ; Bebidas ;botella; 423 ; botella 2 lt ; Andina 
 Agua mineral con gas-500cc ; Bebidas ;botella; 290 ; botella 500 cc ; CCU 
 Agua mineral sin gas ; Bebidas ;botella; 218 ; botella 2,250 lt ; CCU 
 Agua mineral sin gas Benedictino ; Bebidas ;botella; 423 ; botella 2 lt ; Andina 
 Agua porvenir ; Bebidas ;botella; 440 ; botella 1.5 LT ; CCU 
 Agua sin gas Cachantún 1,6 lt ; Bebidas ; botella ; 605,00 ;; Andina 
 Agua tibia ; Abarrotes ;lt; -   ;; Bodega 
 Agua tónica light ; Bebidas ;botella; 335 ; lata 350  ; CCU 
 Agua tónica ; Bebidas ;botella; 988 ; botella 1.5 LT ; CCU 
 Aji amarillo ; Abarrotes ;kg; 4.900 ; frasco ; Fruton 
 Ají amarillo fresco ; Frutas/Verduras ;kg; 4.900 ;; Fruton 
 Ají cacho de cabra ; Abarrotes ; kg ; 12.900 ;; Fruton 
 Ají cayena ; Abarrotes ; kg ; 3.805 ;; Gudland 
 Ají de color ; Abarrotes ;bolsa; 4.690 ; bolsa de 1 kg ; Fruton 
 Ají Guacatay ; Abarrotes ; kg ; 4.808 ; Bolsa  de 1/2 kg ; Fruton 
 Aji no moto ; Abarrotes ;kg; 1.816 ;; Fruton 
 Ají Panca ; Abarrotes ; kg ; 12.900 ; Bolsa  de 1/2 kg ; Fruton 
 Ají para Tacos ; Abarrotes ;frasco; 1.878 ;; cambiar 
 ají picomono ; Frutas/Verduras ; kg ; 9.990 ;; Agromarket 
 Ají red pepper ; Frutas/Verduras ;kg; 5.000 ;; Fruton 
 Aji rojo pasta ; Abarrotes ;kg; 799 ;; cambiar 
 Ají rosado ; Abarrotes ; kg ; 3.805 ;; Gudland 
 Ají srirachia ; Abarrotes ; frasco ; 6.890 ; botella 793 cc ; Delicias y mas SpA 
 Ají Tabasco ; Abarrotes ; frasco ; 3.800 ; 312 grs ; Fruton 
 Ají verde ; Frutas/Verduras ; kg ; 1.290 ;; Fruton 
 Ajo ; Frutas/Verduras ; c/u ; 450 ;; Comercial Valencia 
 Albacora ; Mariscos/Pescados ; kg ; 4.800 ;; Packets 
 Albahaca Baby ; Frutas/Verduras ;kg; 9.680 ;; BioInvest 
 Albahaca fresca ; Frutas/Verduras ;kg; 4.980 ;; Fruton 
 Alcachofa corazón ; Abarrotes ;kg; 2.157 ; frasco de 410 grs ; Cosecha verde 
 Alcachofa fondo ; Abarrotes ;kg; 6.090 ;; Miguel Farias 
 Alcachofa trozo ; Abarrotes ; kg ; 2.116 ;; A Y R 
 Alcaparras ; Abarrotes ;frasco; 7.890 ; frasco de 1kg drenado 800grs ; Delicias y mas SpA 
 ald spice ; Abarrotes ;kg; 10.695 ;; Damasco 
 Alfajores ; Abarrotes ;c/u; 302 ;; Delicias y mas SpA 
 Alfajores/Mazapan ; Dulces/Tortas ;c/u; 454 ;; Mazapanchito 
 Alfoncino desviserado ; Mariscos/Pescados ;kg; 7.500 ; calcular 270 grs por pax ; Pesca fresca 
 Alfoncino fileteado ; Mariscos/Pescados ;kg; 7.500 ; 200 grs por pax ; Pesca fresca 
 Algodón de azúcar ; Otras Comidas ;c/u; 500 ;; Romina Poblete 
 Algodón redondo chico ; Abarrotes ;c/u; 445 ;; Salcobrand 
 Aliño completo ; Abarrotes ;kg;;; Fruton 
 All spice ; Abarrotes ;kg; 10.695 ;; Damasco 
 Almejas frescas ; Mariscos/Pescados ; kg ; 4.909 ;; Delicias y mas SpA 
 Almendra con cáscara ; Abarrotes ;kg; 5.700 ;; Tres Valles Spa 
 Almendra Pelada  ; Abarrotes ;kg; 5.700 ;; Tres Valles Spa 
 Almendra Pelada tostada ; Abarrotes ; kg ; 6.875 ;; cambiar 
 Almendras laminadas ; Abarrotes ;kg; 9.975 ;; Miguel Farias 
 Almond Rocca ; Dulces/Tortas ;c/u; 18.890 ;; Daniel Gelferstein 
 Alusa foil ; Abarrotes ;c/u; 9.000 ; de 100 mt ; Abraham Vilches 
 Alusa plast ; Abarrotes ;c/u; 7.100 ; de 300 mt ; Abraham Vilches 
 Amapola ; Abarrotes ;kg; 8.990 ;; Delicias y mas SpA 
 Amaretto de cocinar ; Tragos ;botella; 3.245 ; botella de 750cc ; CCU 
 Amaretto di sarono ; Tragos ;botella; 13.715 ; botella 750cc ; German García 
 Amargo de angostura ; Tragos ;botella; 2.260 ;; German García 
 Anchoas ; Abarrotes ;lata; 7.340 ; 40 grs ; Delicias y mas SpA 
 Anís ; Abarrotes ;kg; 1.150 ;; Gudland 
 Anís estrella ; Abarrotes ;kg; 22.000 ;; Delicias y mas SpA 
 Antialérgico ; Abarrotes ;c/u; 164 ; Clorfenamina 20 tabletas ; Salcobrand 
 Aperol ; Tragos ;botella; 8.394 ;; VYL 
 Apio ; Frutas/Verduras ;mata; 980 ; mata 2,5 kg ; Delicias y mas SpA 
 Arak ; Tragos ;botella; 4.500 ;; German García 
 Arándanos congelados ; Frutas/Verduras ;kg; 3.550 ;; Congefruits 
 Arándanos ; Frutas/Verduras ;kg; 4.980 ;; Fruton 
 Arguilas ; Otras Comidas ;c/u; 19.244 ;; Comercial damasco limitada 
 Arrollado de cerdo ; Carnes ;kg; 5.850 ;; Comercial Chau 
 Arroz  ; Abarrotes ;kg; 1.008 ;; Cabezas y cia 
 Arroz arborio ; Abarrotes ;kg; 5.190 ; paqtes. 5 kg ; Delicias y mas SpA 
 Arroz jasmín ; Abarrotes ;kg; 4.980 ;; Fruton 
 Arroz para sushi ; Abarrotes ;kg; 2.500 ;; Delicias y mas SpA 
 Arroz salvaje ; Abarrotes ;kg; 1.669 ;; cambiar 
 Arveja  ; Abarrotes ;kg; 4.980 ;; Fruton 
 Arveja Partida ; Abarrotes ;kg; 2.980 ;; Fruton 
 Arvejas congeladas ; Frutas/Verduras ;kg; 2.200 ;; Fruton 
 Asado de tira ; Carnes ;kg; 8.398 ;; Pallet Steak 
 Asiento ; Carnes ;kg; 8.898 ;; Pallet Steak 
 Asiento porcionado ; Carnes ;kg; 8.898 ;; Pallet Steak 
 Aspirinas ; Abarrotes ;caja; 2.496 ; 40 pastillas ; Salcobrand 
 Atún congelado en loins ; Mariscos/Pescados ;kg; 7.900 ;; Cerro Pacifico 
 Atún en lata 190 grs ; Abarrotes ;lata; 1.490 ; lata x 190grs ; Delicias y mas SpA 
 Atún fresco  ; Mariscos/Pescados ;kg; 7.590 ;; Comercial Alca 
 Atún tratado  ; Mariscos/Pescados ;kg; 11.000 ;; Packets 
 Avellana ; Abarrotes ;Kg; 14.000 ;; Miguel Farias 
 Azafrán ; Abarrotes ;caja; 4.450 ; -   ; Fruton 
 Azúcar ; Abarrotes ;kg; 1.300 ;; Delicias y mas SpA 
 Azúcar cubo blanca ; Abarrotes ;caja; 1.590 ;; Delicias y mas SpA 
 Azúcar cubo rubia ; Abarrotes ;caja; 1.890 ;; Delicias y mas SpA 
 Azúcar flor ; Abarrotes ;kg; 1.500 ;; Delicias y mas SpA 
 Azúcar granulada rubia ; Abarrotes ;kg; 2.790 ;; Fruton 
 Azúcar Iansa ; Abarrotes ;kg; 1.300 ;; Fruton 
 Baby Back Ribs ; Carnes ;kg; 5.600 ;; Pallet Steak 
 Baileys ; Tragos ;botella; 11.664 ;; Escocia 
 Balsamico de tartufo ; Abarrotes ;botella; 19.000 ; bot 250 cc ; Gourmet Italia 
 Bandeja de cartón para torta ; Abarrotes ;c/u; 1.000 ;; A Y R 
 Barman ; Abarrotes ;c/u;;; Bodega 
 Barril de cerveza Escudo ; Tragos ;barril; 26.768 ; 50 lt ; CCU 
 Barril de cerveza Heineken ; Tragos ;barril; 25.347 ; 30 lt ; CCU 
 Barril de cerveza Kunstman ; Tragos ;barril; 53.415 ; 50 lt ; CCU 
 Berenjenas ; Frutas/Verduras ;c/u; 490 ; 180 grs ; Fruton 
 Bernardin ; Dulces/Tortas ;c/u; 39.000 ;; El Esfuerzo 
 Berros ; Frutas/Verduras ;kg; 10.490 ;; Comercial Johnson 
 Berros en mata ; Frutas/Verduras ;mata; 625 ;; Fruton 
 Berros hidropónico ; Frutas/Verduras ;bandeja; 10.490 ; 1 kg ; Comercial Johnson 
 Betarraga ; Frutas/Verduras ;kg; 690 ;; Comercial Valencia 
 Bialcohol ; Abarrotes ;spray;1471; spray 100 cc ; Salcobrand 
 Bicarbonato ; Abarrotes ;kg; 2.690 ;; Fruton 
 Bidón de agua mineral sin gas ; Abarrotes ;bidón ; 1.440 ; 5ltrs ; CCU 
 Bifes de cerdo ; Carnes ;1; 2.298 ;; Comercial Chau 
 BILZ/PAP  ; Bebidas ;botella; 639 ; botella de 1,5 lt ; CCU 
 Bizcocho de chocolate ; Abarrotes ;c/u; 4.800 ;; Carmelita Ossa 
 Bizcocho de vainilla ; Abarrotes ;c/u; 2.700 ;; pastelería cacao 
 Bjerez ; Tragos ;botella; 5.266 ;; CCU 
 Bleu marlin ; Frutas/Verduras ;kg; 7.200 ;; Packets 
 Bolsa de basura ; Abarrotes ;c/u; 195 ;; Abraham Vilches 
 Bolsa de basura negra ; Abarrotes ;c/u; 352 ; 50*70 cm pqte de 10 unid ; Abraham Vilches 
 Bolsa prepicada chica ; Abarrotes ;kg; 3.508 ; rollo de 3,5 kg - 20*30 ; Abraham Vilches 
 Bolsa prepicada grande ; Abarrotes ;kg; 2.652 ; rollo de 3,5 kg ; Abraham Vilches 
 Bombillas ; Abarrotes ; un ; 25,00 ;; Delicias y mas SpA 
 Bombón de camembert/proscuitto ; Otras Comidas ;c/u; 300 ;; Gastón Castillo 
 Boquerones ; Abarrotes ;c/u; 2.390 ;; Cencosud Retail 
 Boquillas arguilas ; otras comidas ;pqte; 841 ; 10 unidades ; comercial damasco limitada 
 Brochetas de 12 cm ; Abarrotes ;pqte; 790 ; 100 unid x pqte ; Delicias y mas SpA 
 Brochetas de 15 cm ; Abarrotes ;pqte; 170 ; 100 unid x pqte ; Librería Pinocho 
 Brochetas de 20 cm ; Abarrotes ;pqte; 588 ; 100 unid x pqte ; Librería Pinocho 
 Brocoli ; Frutas/Verduras ;unid; 1.590 ;; Comercial Valencia 
 Brote de alfalfa ; Frutas/Verduras ;kg; 7.934 ; kg ; Fruton 
 Brote de arverjas ; Frutas/Verduras ;kg; 7.934 ; kg ; Fruton 
 Brote de betarraga ; Frutas/Verduras ;kg; 890 ;; Agromarket 
 Burgol ; Abarrotes ;kg; 2.458 ; bolsas de 1 kg ; cambiar 
 Cabezas de pescado ; Mariscos/Pescados ;kg; 2.990 ;; Delicias y mas SpA 
 Cabritas ; Otras Comidas ;c/u; 500 ;; Romina Poblete 
 Cacao en polvo ; Abarrotes ;kg; 6.200 ;; Miguel Farias 
 Cachaza ; Tragos ;botella; 2.275 ;; CCU 
 café en grano ; Abarrotes ;kg; 14.990 ; $3500 250GRS ; Miguel Farias 
 Café molido  ; Abarrotes ;kg; 14.990 ; $3500 250GRS ; Miguel Farias 
 Café Nescafé 170 grs ; Abarrotes ;lata; 2.588 ; 170 gramos ; Comon 
 Café Nescafé 400 grs ; Abarrotes ;lata; 9.580 ; 400 gr ; Miguel Farias 
 Caja de cono ; Abarrotes ;caja; 10.719 ; 300 unit ; cambiar 
 Caja de torta ; Abarrotes ;c/u; 1.100 ;; Delicias y mas SpA 
 Cajón de frutillas ; Dulces/Tortas ;c/u; 13.950 ;; Carmelita Ossa 
 Calamares ; Mariscos/Pescados ;kg; 5.100 ;; Southwind 
 Calamares con tentáculos ; Mariscos/Pescados ;kg; 2.300 ;; Comercial Océano 
 Calamares vaina ; Mariscos/Pescados ;kg; 2.000 ;; Comercial Océano 
 Caldo de locos ;;;;; Bodega 
 Callampas secas ; Abarrotes ; kg ; 19.800 ;; Fruton 
" Caluga Nuez,Naranja;Almendra "; Dulces/Tortas ;c/u; 250 ;; Chocolates Moulie 
 Calvados ; Abarrotes ;botella; 19.947 ;; German García 
 Camarón 100/200 ; Mariscos/Pescados ;kg; 5.300 ; 250 unid x kilo ; Southwind 
 Camarón 16-20 ; Mariscos/Pescados ;kg; 11.500 ; 40UNIDADES * KG ; Southwind 
 Camarón 200/300 ; Mariscos/Pescados ;kg; 6.800 ; 500 unid x kilo ; Comercial Océano 
 Camarón 26/30 ; Mariscos/Pescados ;kg; 7.400 ; 50UNIDADES * KG ; Cero Pacifico 
 Camarón 31/35 ; Mariscos/Pescados ;kg; 7.400 ; 65 unid x kilo ; Cero Pacifico 
 Camarón 36/40 ; Mariscos/Pescados ;kg; 7.700 ; 75 unid x kilo ; Southwind 
 Camarón 40/50 ; Mariscos/Pescados ;kg; 12.500 ; Bloque de 2 kg ; Southwind 
 Camarón 41/50 ; Mariscos/Pescados ;kg; 6.850 ; 91 unid x kilo ; Comercial Alca 
 Camaron 71/90 ; Mariscos/Pescados ;kg; 5.605 ; 150 unid x kilo ; Comercial Océano 
 Camarón U-7 ; Mariscos/Pescados ;kg; 18.400 ; 7 unid x kilo ; Comercial Océano 
 Camote amarillo ; Frutas/Verduras ;kg; 690 ;; Fruton 
 Camote blanco ; Frutas/Verduras ;kg; 2.490 ;; Fruton 
 Campari ; Tragos ;botella; 5.237 ;; DESA 
 Canada dry ginger ale ; Bebidas ;botella; 652 ; botella de 1,5 lt ; CCU 
 Canada dry ginger ale light ; Bebidas ;botella; 1.287 ; botella de 3 lt ; CCU 
 Canada dry tónica ; Bebidas ;botella; 652 ; botella de 1,5 lt ; CCU 
 Candelle ; Abarrotes ;pqte; 3.960 ; Paquete 500gr ; Gourmet Italia 
 Canela en polvo ; Abarrotes ;kg; 5.500 ;; A Y R 
 Canela en rama ; Abarrotes ;kg; 9.000 ;; A Y R 
 Cangrejo ; Mariscos/Pescados ;kg; 13.500 ;; Seawine 
 Capsulas muffins ; Abarrotes ;caja; 95 ;; Delicias y mas SpA 
 Caquis ; Frutas/Verduras ;kg; 3.000 ; caja de 1000 u ; Agromarket 
 Carbón ; Frutas/Verduras ;kg; 756 ; 10500 X 20K ; Joe Cardemil 
 Carbón arguilas ; Otras Comidas ;kg; 3.328 ;; Comercial damasco limitada 
 Carcasa de gallina ; Carnes ;kg; 398 ;; Comercial Chau 
 Carcasa de pollo ; Carnes ;kg; 2.290 ;; Delicias y mas SpA 
 Cardamomo ; Abarrotes ;kg; 35.500 ;; Fruton 
 Carne molida de cordero ; Carnes ;kg; 2.980 ;; Comercial Chau 
 Carne molida de vacuno ; Carnes ;kg; 6.598 ;; Pallet Steak 
 Carolans ; Tragos ;botella; 5.249 ;; Escocia 
 Carrito de churros  ; Comidas Opcionales (carros) ;; 170.000 ;; Sweet Dreams 
 Carrito de churros,algodón, confites ; Comidas Opcionales (carros) ;c/u; 117.647 ;; Eventos jac 
 Carrito de completo domino ; Comidas Opcionales (carros) ;c/u; 350.000 ; 200 mini completos ; Domino 
 Carrito de Helado ; Comidas Opcionales (carros) ;c/u; 280.000 ;; Bobbo 
 Carrito de Helado Casona ; Comidas Opcionales (carros) ;; -   ;; Bobbo 
 Carrito flambeados ; Comidas Opcionales (carros) ;c/u; 30.000 ;; steward 
 Cascara de Camarón ; Abarrotes ;kg; -   ;; Bodega 
 Cáscaras de langosta ; Abarrotes ;kg; 4.977 ;; Bodega 
 Castañas    ; Frutas/Verduras ;kg; 1.600 ;; Agromarket 
 Castañas de cajú ; Abarrotes ;kg; 12.990 ;; Miguel Farias 
 Castañas en almibar ; Abarrotes ;frasco; 6.290 ; 800 grs drenado ; Delicias y mas SpA 
 Caviar ; Abarrotes ;frasco; 41.000 ; 50grs x frasco ; siruc 
 Caviar de salmón ; Abarrotes ;frasco; 13.130 ; 100grs x frasco ; Granja Marina 
 Cebolla ; Frutas/Verduras ;kg; 690 ;; Fruton 
 Cebolla morada ; Frutas/Verduras ; kg ; 690 ;; Fruton 
 Cebolla perla ; Frutas/Verduras ; kg ; 3.300 ;; Fruton 
 Cebollín ; Frutas/Verduras ;atado; 1.890 ; Mata de 120 grs ; Fruton 
 Cedrón de té ; Abarrotes ;caja; 1.290 ; 20 bolsitas ; Delicias y mas SpA 
 Cedrón fresco ; Abarrotes ;kg; 6.990 ;; Agromarket 
 Centolla carne ; Mariscos/Pescados ;kg; 43.000 ;; Granja Marina 
 Centolla ensalada ; Mariscos/Pescados ;kg; 43.000 ;; Granja Marina 
 Centolla mero ; Mariscos/Pescados ;kg; 55.000 ; 51 unidades x kilo ; Southwind 
 Cera ; Abarrotes ;lt; 1.550 ; barril de 60 lt ; Algarrobal 
 cerezas ; Frutas/Verduras ;kg; 1.690 ;; Fruton 
 Cerezas marrasquino ; Frutas/Verduras ;kg; 7.100 ; frasco de 1 kg ; Fruton 
 Cerveza Austral ; Tragos ;botella; 1.336 ; 355 cc ; CCU 
 Cerveza corona ; Tragos ;botella; 788 ; 330cc ; Distribuidora La Martina 
 Cerveza Austral torres del paine ; Tragos ;botella; 1.336 ; 355 cc ; CCU 
 Cerveza Austral calafate ; Tragos ;lata; 1.336 ;; CCU 
 Cerveza Austral lager ; Tragos ;lata; 1.336 ;; CCU 
 Cerveza Grolsch ; Tragos ;botella; 420 ; 330cc ; DESA 
 Cerveza GUAYACAN BLONDE ALE ; Tragos ;botella; 717 ;; CERVEZA GUAYACAN LTDA 
 Cerveza Imperial ; Tragos ;botella; 527 ; 330cc ; German García 
 Cerveza Kross Golden ale ; Tragos ;botella; 2.029 ; 330cc ; Comercial peumo 
 Cerveza kunstmann lager ; Tragos ; botella ; 1.135,00 ; 330 cc-lager ; CCU 
 Cerveza kunstmann torobayo ; Tragos ;botella; 1.135 ; 330 cc-torobayo ; CCU 
 Cerveza Mestra  Amber Ale ; Tragos ;botella; 751 ;; Cervezas Artesanales 
 Cerveza negra ; Tragos ;lata; 821 ; 330-cc ; CCU 
 Cerveza Peroni ; Tragos ; botella ; 1.000,00 ;; DESA 
 Cerveza Stella Artois ; Tragos ;botella; 423 ; 330-cc ; Cervezas Artesanales 
 Chalota ; Frutas/Verduras ;kg; 14.900 ;; Fruton 
 Champaña Amaranta Demi Sec ; Vinos ;botella; 1.900 ;; Viña Santa Rita 
 Champaña chandon argentino extra brut ; Vinos ;botella; 6.492 ;; Premiun Brands 
 Champaña Miguel Torres ; Vinos ;botella; 6.648 ;; Vinos del mundo S.A. 
 Champaña Undurraga Brut ; Tragos ;botella; 2.997 ;; DESA 
 Champaña Valdivieso brut ; Vinos ;botella; 2.517 ;; Distribuidora gilco 
 Champaña Valdivieso Demi Sec ; Vinos ;botella; 2.230 ;; Distribuidora gilco 
 Champaña Valdivieso Extra Brut ; Vinos ;botella; 4.540 ;; Distribuidora gilco 
 Champaña Valdivieso Gran Brut ; Tragos ;botella; 4.026 ;; Distribuidora gilco 
 Champaña Viña Mar Brut ; Tragos ;botella; 2.297 ;; CCU 
 Champiñon granel ; Frutas/Verduras ;kg; 6.400 ; 45 unidades x Kg ; Protier 
 Champiñon granel chico ; Frutas/Verduras ;kg; 6.500 ; 45 unidades x Kg ; Protier 
 Champiñon Ostra ; Frutas/Verduras ;kg; 12.900 ;; Fruton 
 Champiñones port.*c/u ; Frutas/Verduras ; c/u ; 153 ;; Protier 
 Champiñones portobello ; Frutas/Verduras ; kg ; 9.800 ; 31 uni x kg ; Fruton 
 Champiñones Royal ; Frutas/Verduras ;kg; 6.500 ; 35 unidades x kg ; Protier 
 Champiñones Royal*c/u ; Frutas/Verduras ;c/u; 122 ;; Protier 
 Champiñones shiitake ; Frutas/Verduras ; kg ; 12.500 ;; Protier 
 Chancaca ; Abarrotes ; pqte ; 2.400 ; 500grs ; Fruton 
 Charqui ; Frutas/Verduras ; kg ; 24.794 ;; cambiar 
 CHEESE cake de amapola, frambuesa y nuez ; Dulces/Tortas ; un ; 25.000,00 ;; El Esfuerzo 
 CHEESE CAKE DE BITTER ; Dulces/Tortas ; un ; 25.000,00 ;; El Esfuerzo 
 cheese cake de caramelo ; Dulces/Tortas ;c/u; 10.841 ;; Amarena 
 cheese cake de caramelo y cubierta de chocolate ; Dulces/Tortas ;c/u; 10.841 ;; Amarena 
 cheese cake de frambuesas ; Dulces/Tortas ;c/u; 31.933 ;; El Esfuerzo 
 cheese cake de frambuesas con base crocante ; Dulces/Tortas ;c/u; 10.840 ;; Bobbo 
 cheese cake de limón ; Dulces/Tortas ;c/u; 12.900 ;; Carmelita Ossa 
 cheese cake de moka ; Dulces/Tortas ;c/u; 10.841 ;; Amarena 
 CHEESE CAKE DE OREO ; Dulces/Tortas ;c/u; 31.933 ;; El Esfuerzo 
 cheese cake de tiramisú ; Dulces/Tortas ;c/u; 12.100 ;; Bobbo 
 cheese cake de vainilla ; Dulces/Tortas ;c/u; 12.100 ;; Bobbo 
 CHEESE cake tradicional  ; Dulces/Tortas ; un ; 25.000,00 ;; El Esfuerzo 
 Cherry ; Tragos ;botella; 3.500 ;; cambiar 
 chesse cake de amapola, frambuesa y nuez ; Dulces/Tortas ;c/u; 14.900 ;; Amarena 
 chesse cake de arándanos ; Dulces/Tortas ;c/u; 14.900 ;; Carmelita Ossa 
 CHESSE CAKE DE BITTER ; Dulces/Tortas ;c/u; 15.900 ;; CARMELA OSSA 
 chesse cake de choco chips ; Dulces/Tortas ;c/u; 12.100 ;; Bobbo 
 Chesse cake tradicional  ; Dulces/Tortas ;c/u; 14.900 ;; Amarena 
 chili rojo ; Frutas/Verduras ;kg;;; cambiar 
 chirimoya ; Frutas/Verduras ;kg; 3.900 ;; Fruton 
 Choclillo ; Carnes ;kg; 3.880 ;; Comercial Chau 
 Choclo americano ; Frutas/Verduras ;unid; 490 ;; Fruton 
 Choclo cocktail ; Abarrotes ;lata; 2.000 ; 230grs ; Fruton 
 Choclo congelado ; Frutas/Verduras ;kg; 2.590 ;; Fruton 
 Choclo peruano ; Frutas/Verduras ;kg; 4.890 ;; Fruton 
 Chocolate aso ristora  ; Abarrotes ;kg; 4.000 ;; Comercial dicalla 
 Chocolate blanco ; Abarrotes ;kg; 5.200 ;; Delicias y mas SpA 
 Chocolate negro ; Abarrotes ;kg; 5.200 ;; Delicias y mas SpA 
 Chocolatitos ; Dulces/Tortas ;c/u; 336 ;; Chocolates del Mundo 
 Chocolatitos varsovienne ; Dulces/Tortas ;c/u; 336 ;; varsovienne 
 Choricillos ; Carnes ;kg; 5.287 ;; Comercial Chau 
 Choritos frescos ; Mariscos/Pescados ;kg; 2.990 ;; Delicias y mas SpA 
 Chorizo escudero ; Carnes ;kg; 3.885 ;; Comercial Chau 
 Chorizo riojano ; Carnes ;kg; 6.000 ; -   ; Salamanca Food 
 Choros maltones frescos ; Mariscos/Pescados ;kg; 2.850 ;; Camarones Aldo 
 Chucrut ; Abarrotes ;kg; 2.000 ;; Fruton 
 Chuleta boston de cerdo ; Carnes ;kg; 7.980 ;; Comercial Chau 
 chuleta Boston de cerdo lechón ; Carnes ;kg; 3.898 ;; Comercial Chau 
 chuleta de cerdo de centro ; Carnes ;kg; 5.998 ;; Pallet Steak 
 Chuleta francia de cabrito ; Carnes ;kg; 28.500 ;; Granja Marina 
 Chuleta francia de ciervo ; Carnes ;kg; 13.980 ;; Comercial Chau 
 Chuleta francia individual ; Carnes ;c/u;;; Meat and food 
 Chuleta francia porcionada ; Carnes ;kg; 28.500 ;; Granja Marina 
 Chuleta vetada de cerdo ; Carnes ;kg; 2.198 ;; Comercial Chau 
 Chuño ; Abarrotes ;kg; 1.790 ;; Fruton 
 chupetes de yoghurt ; Abarrotes ;bolsa; 676 ;; cambiar 
 Chupetines de Toffe ; Dulces/Tortas ;c/u; 650 ;; Daniel Gelferstein 
 churrasco de filete ; Carnes ;kg; 6.480 ;; Meat and food 
 churrasco de filete carpaccio ; Carnes ;kg; 11.950 ;; Pallet Steak 
 churrasco de vacuno laminado congelado ; Carnes ;kg; 5.619 ;; Pallet Steak 
 Churros    ; Otras Comidas ;c/u; 130 ;; ICB 
 Churros rellenos con manjar ; Comidas Opcionales (carros) ;c/u;;; Eventos jac 
 Ciboulette ; Frutas/Verduras ; c/u ; 165 ; Mata de 15 grs. ; Fruton 
 Cilantro ; Frutas/Verduras ;kg; 1.980 ;; Fruton 
 Cilantro en polvo ; Abarrotes ;kg;;; Gudtland 
 Cinta 3M ; Abarrotes ;c/u; 2.463 ;; Salcobrand 
 Ciruela ; Frutas/Verduras ;kg; 2.500 ;; Agromarket 
 Ciruela sin carozo ; Frutas/Verduras ;kg; 7.900 ;; Delicias y mas SpA 
 Claras ; Lácteos ;lt; 899 ;; Agromarket 
 Claras ; Lácteos ;c/u; 72 ;; Nutregg 
 Clavo de olor ; Abarrotes ;kg; 20.300 ;; Fruton 
 Cloro ; Abarrotes ;botella; 760 ; X 1 litros vaniquin ; Algarrobal 
 Coca Cola ; Bebidas ;botella; 824 ; botella 1.5 LT ; Andina 
 Coca Cola Light 1.5 lts ; Bebidas ;botella; 685 ; botella 1.5 LT ; Andina 
 Coca cola light 3lt ; Bebidas ;botella; 2.588 ; botella 3 lt ; Andina 
 Coca Cola Light- 350cc ; Bebidas ;botella; 550 ; botella 330 cc ; Andina 
 Coca cola original 3lt ; Bebidas ;botella; 2.588 ; botella 3 lt ; Andina 
 Coca cola sin azucar 3lt ; Bebidas ;botella; 2.588 ; botella 3 lt ; Andina 
 Coca Cola Zero- 350cc ; Bebidas ;botella;; botella 330 cc ; Andina 
 Coca Cola-330cc ; Bebidas ;botella; 550 ; botella 330 cc ; Andina 
 Cochayuyo kg ; Mariscos/Pescados ;kg; 1.853 ;; cambiar 
 Cochayuyo unidad ; Mariscos/Pescados ;unid; 2.880 ;; Comercial Valencia 
 Coco rallado ; Abarrotes ;kg; 4.350 ;; Fruton 
 Codorniz ; Carnes ;unid; 1.850 ;; Comercial Chau 
 Colacion de Personal ; Comprados ;hojas; 1.480 ;; Eduardo Segura 
 colapez ; Abarrotes ;hojas; 79 ; caja 1 x kilo (94$ la unidad) ; Chile Distribución 
 Coliflor ; Frutas/Verduras ;unid; 1.490 ;; Fruton 
 Colorante rojo ; Abarrotes ;kg; 8.453 ;; Gudland 
 Comino ; Abarrotes ;kg; 3.800 ;; Fruton 
 Comino entero ; Abarrotes ;kg; 3.800 ;; Fruton 
 Concentrado de carne ; Abarrotes ;kg; 1.690 ;; Delicias y mas SpA 
 Concentrado de pollo ; Abarrotes ;kg; 4.590 ;; Miguel Farias 
 Concentrado de tomate ; Abarrotes ;kg; 6.390 ; Lata x 3.150 kg ; Delicias y mas SpA 
 Confit de pato ; Abarrotes ;tarro; 47.000 ; 12 unidades ; La Fromagerie 
 Confites ; Dulces/Tortas ;un; 500 ;; Dulcería Montolín 
 Confites (San estanislao) ; Dulces/Tortas ;c/u; 500 ;; Dulcería Montolín 
 Congrio dorado filete ; Mariscos/Pescados ;kg; 11.400 ;; Granja Marina 
 Conito de masa filo ; Otras Comidas ;c/u; 230 ;; Gastón Castillo 
 Conito de masa filo mediano ; Otras Comidas ;c/u; 230 ;; Gastón Castillo 
 Cono papas ; Abarrotes ;c/u; 63,0 ; 600 unidades ; Delicias y mas SpA 
 Coñac Tres Palos ; Tragos ;botella; 3.198 ;; Escocia 
 Corazón de vacuno ; Carnes ;kg; 1.298 ;; Comercial Chau 
 Cordero entero ; Carnes ; c/u ; 125.052 ; un cordero pesa maximo 9 kg  ; Granja Marina 
 Cordero entero ; Carnes ; kg ; 9.500 ;; Granja Marina 
 Cordero molido ; Carnes ;kg; 4.980 ;; Comercial Chau 
 Corvina ; Mariscos/Pescados ;kg; 6.950 ;; Vallenar alto 
 Costillar de cabrito ; Carnes ;kg; 2.680 ;; Comercial Chau 
 Costillar de cerdo ; Carnes ;kg; 4.736 ;; Pallet Steak 
 Costurero ; Abarrotes ;c/u; 1.340 ;; cambiar 
 Cous-cous ; Abarrotes ;kg; 5.890 ; Bolsas de 1/2 kg ; Fruton 
 Crema ; Lácteos ; lt ; 3.721 ;; Cabezas y cia 
 Crema ácida ; Lácteos ;lt; 5.490 ;; Delicias y mas SpA 
 Crema de cassis ; Tragos ;c/u; 3.422 ; bot. 750 cc ; Escocia 
 Crema de choclo ; Abarrotes ;kg; 895 ;; cambiar 
 Crema de coco ; Abarrotes ;tarro; 2.500 ; 400 cc* tarro ; A Y R 
 Crema sifón ; Abarrotes ;c/u; 3.000 ;; Fruton 
 Croquembouch ; Dulces/Tortas ;c/u; 16.000 ;; Mané Herrera 
 Crutones ; Abarrotes ;kg; 3.333 ;; cambiar 
 Cubos de caldo ; Abarrotes ; c/u ; 48 ;; cambiar 
 cuchara plástica- de té ; Abarrotes ; c/u ; 7,3 ; blanca ; cambiar 
 cucharas de chocolate ; Dulces/Tortas ; c/u ; 120 ;; Claudia Varleta 
 cucharas plástica- de café ; Abarrotes ; c/u ; 6,1 ; transparente ; cambiar 
 Cuchufli de Chocolate /crema Mazapan ; Dulces/Tortas ;c/u; 780 ;; Daniel Gelferstein 
 Cup cakes naranja/mazapan ; Dulces/Tortas ;c/u; 600 ;; Breden Master 
 Cup cakes regular ; Dulces/Tortas ;c/u; 600 ;; Breden Master 
 Cup cakes x 15 ; Dulces/Tortas ;c/u; 600 ; 15 unid. ; Breden Master 
 Cup cakes x 60 ; Dulces/Tortas ;c/u; 600 ; 60 unid ; Breden Master 
 Cup cakes Zanahoria ; Dulces/Tortas ;c/u; 600 ;; Breden Master 
 Curacao ; Tragos ;botella; 2.950 ;; Distribuidora Errázuriz 
 Cúrcuma ; Abarrotes ;kg; 6.000 ; 400 grs ; Fruton 
 curry    ; Abarrotes ;kg; 5.900 ;; Fruton 
 Curry amarillo en pasta ; Abarrotes ;kg; 8.120 ; 400 grs ; Gudland 
 Curry rojo en pasta ; Abarrotes ;kg; 6.638 ; 400 grs ; Gudland 
 Curry verde en pasta ; Abarrotes ;kg; 8.388 ; 400 grs ; Gudland 
 Damascos  ; Frutas/Verduras ;kg; 895 ;; Agromarket 
 Damascos turcos ; Abarrotes ;kg; 12.100 ;; Tres Valles Spa 
 Dátiles ; Abarrotes ;kg; 1.450 ;; Tres Valles Spa 
 Desengrasante ; Abarrotes ;lt; 850 ;; New Chem 
 Desodorante/Desinfectante ; Abarrotes ;tarro; 1.895 ;; Chile Distribución 
 Detergente loza ; Abarrotes ;lt; 700 ; bidones de 60 litros ; New Chem 
 Detergente loza w.v. ; Abarrotes ;lt; 675 ;; Wide vision 
 Detergente piso ; Abarrotes ;lt; 1.580 ; bidones de 24 litros ; New Chem 
 Diente de dragón ; Frutas/Verduras ;kg; 1.690 ;; Fruton 
 Disco de lasaña blanca 10 CM ; Masas ;kg; 6.000 ;; Gastón Castillo 
 Disco de lasaña blanca 12 CM ; Masas ;kg; 6.000 ; 20 grs c/disco 13 cm ; Gastón Castillo 
 Disco de lasaña negra ; Masas ;kg; 6.500 ; disco de 6 cm de diametro ; Gastón Castillo 
 Disco de lasaña verde 10 CM ; Masas ;kg; 6.500 ;; Gastón Castillo 
 Donas ; Dulces/Tortas ;c/u; 890 ;; El Esfuerzo 
 Drambuie ; Tragos ;botella; 16.378 ;bot. 750 cc; V&L 
 Dulce de membrillo ; Dulces/Tortas ;kg; 1.000 ;; Delicias y mas SpA 
 Dulces árabes ; Dulces/Tortas ;c/u; 379 ;; Nezar Lama 
 Dulces chilenos ; Dulces/Tortas ;c/u; 494 ;; Dulcería Las Palmas 
 Dulces surtidos completos ; Dulces/Tortas ;c/u; 118 ;; Dulcería Montolín 
 Durazno nectarine ; Frutas/Verduras ;kg; 1.980 ;; Fruton 
 Durazno peludo ; Frutas/Verduras ;kg; 1.390 ;; Fruton 
 Durazno plátano ; Frutas/Verduras ;kg; 1.980 ;; Agromarket 
 Duraznos al jugo en mitades ; Abarrotes ;tarro; 842 ; 820 grs ; cambiar 
 Duraznos al jugo en mitades 3 kg ; abarrotes ;tarro; 11.089 ; 3 kg-drenado 1,8 kg ; Delicias y mas SpA 
 Duraznos al jugo picados ; Abarrotes ;tarro; 1.081 ; 4 kg-drenado 1,8 kg ; cambiar 
 Elasticos negros ; Abarrotes ;pqte; 6.500 ; bolsa 14 unidades ; Salcobrand 
 Emp.M.filo BOMBOM DE camembert ; Otras Comidas ;c/u; 280 ;; Gastón Castillo 
 Emp.M.filo RECTANGULO DE salmón ; Otras Comidas ;c/u; 300 ;; Gastón Castillo 
 Emp.M.filo SAQUITO CABRA-ALCACHOFA ; Otras Comidas ;c/u; 300 ;; Gastón Castillo 
 Emp.M.filo TRIANGULO DE camarón ; Otras Comidas ;c/u; 400 ;; Gastón Castillo 
 Emp.M.filo TRIANGULO DE CAMEMBERT ; Otras Comidas ;c/u; 300 ;; Gastón Castillo 
 Empanada de espinaca ; Otras Comidas ;c/u; 800 ;; Nezar Lama 
 Empanada de pino ; Personal ;c/u; 1.850 ;; El Esfuerzo 
 Empanada frita de queso ; Otras Comidas ;c/u; 212 ; media luna ; cambiar 
 Empanada napolitana ; Personal ;c/u; 1.200 ;; El Esfuerzo 
 Empanadas  de hornos ; Otras Comidas ;c/u; 1.219 ;; Los aldes 
 Empanadas  de hornos cocktail-vino ; Otras Comidas ;c/u; 265 ;; cacao 
 Empanadas  de masa de hoja,queso ; Carnes ;c/u; 923 ;; cacao 
 Empanadas vegetariana ; Otras Comidas ;c/u; 1.850 ;; El Esfuerzo 
 Empanadas  napolitana ; Otras Comidas ;c/u; 1.850 ;; El Esfuerzo 
 Empanadas pino ; Otras Comidas ;c/u; 1.850 ;; El Esfuerzo 
 Endivias ; Frutas/Verduras ;kg; 9.600 ; 4800 el 1/2 kilo ; Comercial Valencia 
 Endulzante sin aspartamo ; Abarrotes ;caja; 14.000 ; 1000 unidades ; Delicias y mas SpA 
 Enebro ; Abarrotes ;kg; 14.360 ;; Gudland 
 Eneldo ; Abarrotes ;kg; 10.695 ;; Comon 
 Entraña ; Carnes ;kg; 11.998 ;; Pallet Steak 
 Entraña de cerdo ; Carnes ;kg; 10.000 ;; Pallet Steak 
 Erizos ; Mariscos/Pescados ;kg; 32.000 ;; Glberto 
 Escencia de almendras ; Abarrotes ;unid; 2.227 ;; Gudland 
 Escencia de humo ; Abarrotes ;lt; 1.800 ;; Gudland 
 Escobilla de ropa ; Abarrotes ;c/u; 1.750 ;; Paci y garcés 
 Escobilla de zapatos ; Abarrotes ;c/u; 1.664 ;; Paci y garcés 
 Escobillón ; Abarrotes ;c/u; 2.165 ;; Algarrobal 
 Espárragos congelados ; Frutas/Verduras ;kg; 3.700 ; 50 unid x kg ; Congefruits 
 Espárragos frescos ; Frutas/Verduras ;kg; 3.500 ;; Comercial Valencia 
 Espinacas ; Frutas/Verduras ;kg; 1.690 ;; Fruton 
 Estacion de chocolate-fuente ; Comidas Opcionales (carros) ;c/u; 150.000 ;; Yael Seliger 
 Estacion de Churrascos ; Comidas Opcionales (carros) ;c/u; 160.000 ; 200 unidades de churrascos ; Pauro 
 Estacion de churrascos 150 porciones ; Comidas Opcionales (carros) ;c/u; 240.000 ;; Carritos y Carnes 
 Estacion de churrascos 200 porciones ; Comidas Opcionales (carros) ;c/u; 260.000 ;; Carritos y Carnes 
 Estacion de churrascos 250 porciones ; Comidas Opcionales (carros) ;c/u; 282.000 ;; Carritos y Carnes 
 Mix de mini arepas rellenas 200 porc ; Comidas Opcionales (carros) ;c/u; 150.000 ;; Depanadas.cl 
 Estación de fondeu ; Comidas Opcionales (carros) ;c/u; 100.000 ;; Yael Seliger 
 Estacion de giros ; Comidas Opcionales (carros) ;c/u; 460.000 ; 1200 c/u(mínimo de 200 unid.) ; Nezar Lama 
 Estacion de giros 2 ; Comidas Opcionales (carros) ;c/u; 180.000 ; (150 unidades) ; Nezar Lama 
 Estacion de hamburguesas 200 porciones ; Comidas Opcionales (carros) ;c/u; 335.000 ;; Hola producciones 
 Estacion de hot dog 150 porciones ; Comidas Opcionales (carros) ;c/u; 240.000 ;; Carritos y Carnes 
 Estacion de hot dog 200 porciones ; Comidas Opcionales (carros) ;c/u; 260.000 ;; Carritos y Carnes 
 Estacion de hot dog 250 porciones ; Comidas Opcionales (carros) ;c/u; 282.000 ;; Carritos y Carnes 
 Estacion de lomitos 200 porciones ; Comidas Opcionales (carros) ;c/u; 260.000 ;; Carritos y Carnes 
 Estacion de lomitos 250 porciones ; Comidas Opcionales (carros) ;c/u; 282.000 ;; Carritos y Carnes 
 Estacion de pizzas 150 porciones ; Comidas Opcionales (carros) ;c/u; 240.000 ;; Felipe Astorquiza 
 Estacion de pizzas 200 porciones ; Comidas Opcionales (carros) ;c/u; 260.000 ;; Felipe Astorquiza 
 Estacion de pizzas 250 porciones ; Comidas Opcionales (carros) ;c/u; 282.000 ;; Felipe Astorquiza 
 Estacion de tacos 200 porciones ; Comidas Opcionales (carros) ;c/u; 300.000 ;; Carritos y Carnes 
 Estacion de wurst ; Comidas Opcionales (carros) ;c/u; 260.000 ;;
 Estragón ; Frutas/Verduras ;kg; 35.666 ;; Fruton 
 Estragón fresco ; Abarrotes ;kg; 11.790 ;; Fruton 
 Falafel ; Otras Comidas ;c/u; 378 ;; Nezar Lama 
 Fernet ; Tragos ; kg ; 9.187 ;; V&L 
 Fideos de arroz ; Abarrotes ;kg; 2.000 ;; cambiar 
 Fideos Espirales ; Abarrotes ;kg; 1.927 ;; Delicias y mas SpA 
 Fideos INTEGRALES RIGATTI ; Abarrotes ;kg; 799 ;; cambiar 
 Filete de cordero ; Carnes ;kg; 11.950 ;; Meat and food 
 Filete de wagyu ; Carnes ;kg; 19.900 ;; Pallet Steak 
 Filete entero limpio ; Carnes ;kg; 7.900 ;; Pallet Steak 
 Filete porcionado ; Carnes ;kg; 6.880 ;; Meat and food 
 Filete sin cordon  ; Carnes ; kg ; 11.990 ;; Etiqueta negra 
 Filetillo de pollo ; Carnes ; kg ; 2.494 ;; Comercial Chau 
 Fireball ; TRAGOS ; c/u ; 11.990 ; BOTELLA 700 CC ; La Negra 
 Flan (vainilla y caramelo) ; Lácteos ; c/u ; 202 ;; cambiar 
 Flores Comestibles ; Frutas/Verduras ; bandejas ; 5.699 ;; Fruton 
 Flores Rosas Comestibles ; Frutas/Verduras ; c/u ; 200 ;; FOOD HOOD 
 foie gras ; Carnes ; kg ; 72.066 ;; Chilar 
 foie gras congelado ; Carnes ; kg ; 65.027 ;; La Fromagerie 
 Fondo de Ave ; Abarrotes ; lt ;;; cambiar 
 Fondo de pescado ; Abarrotes ; lt ;;; cambiar 
 Fondo de verduras ; Abarrotes ; lt ;;; Bodega 
 Frambuesa congelada ; Frutas/Verduras ;kg; 6.300 ;; Congefruits 
 frambuesa natural ; Frutas/Verduras ;kg; 7.490 ;; Agromarket 
 Frangelico ; Tragos ;botella; 5.321 ; 700 cc ; Escocia 
 Frijoles Negros ; Abarrotes ;Tarro; 1.980 ; 430 grs ; Fruton 
 Frugele ; Abarrotes ;bolsa; 1.672 ;; Delicias y mas SpA 
 Frutilla congelada ; Frutas/Verduras ;kg; 3.000 ;; Congefruits 
 Frutilla natural ; Frutas/Verduras ;kg; 4.980 ;; Fruton 
 Frutillas caramelizadas ; Dulces/Tortas ;c/u; 140 ;; Adriana Moreno 
 fungi porcini    ; Frutas/Verduras ;kg; 92.000 ;; Gourmet Italia 
 Fungi porcini secchi ; Frutas/Verduras ;kg; 46.000 ;; Gourmet Italia 
 Galletas cheddar rectangular ; Abarrotes ;kg; 2.900 ;; Miguel Parra 
 Galletas club- social ; Abarrotes ;pqte; 1.289 ; paquete x 205 grs. ; cambiar 
 Galletas crackelet ; Abarrotes ;unid; 270 ;; cambiar 
 Galletas de agua ; Abarrotes ;kg; 3.979 ;; cambiar 
 Galletas de champaña ; Abarrotes ;pqte; 1.500 ;; lider 
 Galletas de chocolate ; Abarrotes ;unid; 598 ;; cambiar 
 Galletas de coco costa ; Abarrotes ;unid; 384 ; bolsa x 140 grs. ; cambiar 
 Galletas de limón ; Abarrotes ;pqte; 920 ; 375 grs ; Delicias y mas SpA 
 Galletas de mantequilla ; Abarrotes ;pqte; 920 ; bolsa x 140 grs. ; Delicias y mas SpA 
 Galletas finas florentina ; Abarrotes ;unid; 370 ;; Chocolates Moulie 
 Galletas oreo ; Abarrotes ;unid; 920 ;; Delicias y mas SpA 
 Galletas tritón ; Abarrotes ;pqte; 460 ; bolsa x 126 grs. ; A Y R 
 Galletón de avena y pasas ; Abarrotes ;kg; 337 ;; Amarena 
 Galletón de chips de chocolate ; Abarrotes ;kg; 337 ;; Amarena 
 Galletón de de nueces y canela ; Abarrotes ;kg; 337 ;; Amarena 
 Galleton Merken ; Abarrotes ;c/u; 140 ;; Gastón Castillo 
 Gallina entera ; Carnes ;kg; 998 ;; Pallet Steak 
 GALLINAS DE MANJAR MOULLIE ; Dulces/Tortas ;c/u; 770 ;; Chocolates Moulie 
 GALLINAS MANJAR DURO GRANDE ; Dulces/Tortas ;c/u; 18.487 ;; Pasteleria Tukka 
 GALLINAS DE MANJAR DURO CHICAS ; Dulces/Tortas ;c/u; 2.034 ;; Pasteleria Tukka 
 Ganso cuadrado ; Carnes ; kg ; 2.798 ;; Comercial Chau 
 Garam masala ; Abarrotes ; kg ; 5.292 ;; Gudland 
 Garbanzos ; Abarrotes ;kg; 2.490 ; -   ; Fruton 
 Garrón de ciervo ; Carnes ;kg; 8.650 ;; Comercial Chau 
 Garrón de cordero ; Carnes ;kg; 9.200 ;; Patagonia Austral 
 Garzón ; Abarrotes ;c/u;;;
 Gas soplete ; Abarrotes ;unid; 2.100 ;; Paci y garcés 
 Gasa ; Abarrotes ;c/u; 286 ;; Salcobrand 
 gelatina ; Abarrotes ;kg; 31.500 ; pqte de 30 grs ; cambiar 
 Genjibre marinado ; Abarrotes ;kg; 27.533 ;; lider 
 Gin Befeeter ; Tragos ;botella; 8.644 ; BOTELLA 750 CC ; CCU 
 Gin Befeeter ; Tragos ;botella; 8.644 ;; German García 
Gin Bombay; Tragos ;botella; 11.735 ; BOTELLA 750 CC ; V&L 
 Gin Bosfords ; Tragos ;botella; 3.211 ;; Germán Garcia 
 Gin Ger Ale  nordic zero ; Bebidas ;botella; 742 ; botella 1.5 LT ; Andina 
 Gin Ger Ale nordic ; Bebidas ;botella; 742 ; botella 1.5 LT ; Andina 
 Gin Hendricks ; Tragos ;kg; 17.353 ; BOTELLA 700 CC ; DESA 
 GIN TANQUERAY ; Tragos ;Botella; 13.840 ; BOTELLA 700 CC ; V&L 
 ginger beer ; Tragos ;Botella; 1.300 ; BOTELLA 200 CC ; V&L 
 Ginger Ale Zero 3 lt ; Bebidas ;botella; 1.756 ; botella 3 lt ; CCU 
 Glucosa ; Abarrotes ;kg; 1.980 ;; Delicias y mas SpA 
 Goma ; tragos ;lt; 2.176 ;; Distribuidora gilco 
 Gomitas ; Abarrotes ;kilo; 5.000 ; bolsa 200 grs ; A Y R 
 Gorro desechable ; Abarrotes ;pqte; 1.947 ; de 100 unidades ; Delicias y mas SpA 
 Granada ; Frutas/Verduras ;kilo; 2.251 ;; Delicias y mas SpA 
 Granadina ; Bebidas ;botella; 2.773 ;; Distribuidora gilco 
 Grand Manier ; Tragos ;; 26.000 ;; Viña errazuriz 
 Grand Rapid ; Frutas/Verduras ;kg; 4.200 ;; Jardin del Chef 
 Granola ; Abarrotes ; kg ; 4.390 ;; Delicias y mas SpA 
 Grasa de pato ; Carnes ; kg ; 1.680 ;; La Fromagerie 
 gravlax de salmón ; Mariscos/Pescados ; kg ; 6.800 ;; Comercial cerro verde 
 Green salad ; Frutas/Verduras ; kg ; 3.400 ;; BioInvest 
 grisinis ; Otras Comidas ;c/u; 180 ;; le fournil 
 Guante desechable L ; Abarrotes ;caja; 8.100 ; 50 pares x caja ;  Chile Distribución  
 Guante desechable M ; Abarrotes ;caja; 8.100 ; 50 pares x caja ;  Chile Distribución  
 Guante desechable S ; Abarrotes ;caja; 8.100 ; 50 pares x caja ;  Chile Distribución  
 Guinda ; Frutas/Verduras ;kg; 189 ;; Fruton 
 Habas peladas ; Frutas/Verduras ;kg; 2.690 ;; Agromarket 
 Hamburguesa ; Carnes ; c/u ; 546 ; 100 grs ; Pallet Steak 
 Hamburguesas de pavo ; Carnes ;c/u; 114 ;; Comercial Chau 
 Harina ; Abarrotes ;kg; 1.300 ;; Delicias y mas SpA 
 Harina de arroz ; Abarrotes ;kg; 2.274 ;; Delicias y mas SpA 
 Harina de tempura ; Abarrotes ;kg; 2.970 ;; Comon 
 Harina de yuca ; Abarrotes ;kg; 8.000 ;; cambiar 
 Helado de albahaca ; Helados ;lt; 4.400 ; envases de 5 litros ; Heca 
 Helado de almendra ; Helados ;lt; 4.400 ; envases de 5 litros ; Heca 
 Helado de amaretto ; Helados ;lt; 4.400 ; envases de 5 litros ; Heca 
 Helado de apio ; Helados ;lt; 4.400 ; envases de 5 litros ; Heca 
 Helado de arándanos ; Helados ;lt; 4.400 ; envases de 5 litros ; Heca 
 Helado de avellanas ; Helados ;lt; 4.400 ; envases de 5 litros 19500 ; Heca 
 Helado de baileys ; Helados ;lt; 4.400 ; envases de 5 litros 19500 ; Heca 
 Helado de café ; Helados ;lt; 4.400 ; envases de 5 litros 18500 ; Heca 
 Helado de canela ; Helados ;lt; 4.400 ; envases de 5 litros ; Heca 
 Helado de canela ; Helados ;lt; 4.400 ; envases de 5 litros ; Heca 
 Helado de castaña ; Helados ;lt; 4.400 ; envases de 5 litros ; Heca 
 Helado de chirimoya ; Helados ;lt; 4.400 ; envases de 5 litros 19500 ; Heca 
 Helado de chocolate ; Helados ;lt; 4.400 ; envases de 5 litros 19500 ; Heca 
 Helado de chocolate bitter ; Helados ;lt; 4.400 ; envases de 5 litros 19500 ; Heca 
 Helado de chocolate y albahaca ; Helados ;lt; 4.400 ; envases de 5 litros 19500 ; Heca 
 Helado de coco ; Helados ;lt; 4.400 ; envases de 5 litros 18500 ; Heca 
 Helado de crema americana ; Helados ;lt; 4.400 ; envases de 5 litros ; Heca 
 Helado de especias ; Helados ;lt; 4.400 ; envases de 5 litros ; Heca 
 Helado de frambuesa ; Helados ;lt; 4.400 ; envases de 5 litros 18500 ; Heca 
 Helado de frutillas ; Helados ;lt; 4.400 ; envases de 5 litros 18500 ; Heca 
 Helado de frutos del bosque ; Helados ;lt; 4.400 ; envases de 5 litros 18500 ; Heca 
 Helado de harina tostada ; Helados ;lt; 4.400 ; envases de 5 litros ; Heca 
 Helado de higos ; Helados ;lt; 4.400 ; envases de 5 litros ; Heca 
 Helado de limón ; Helados ;lt; 4.400 ; envases de 5 litros ; Heca 
 Helado de limón de pica ; Helados ;lt; 4.400 ; envases de 5 litros ; Heca 
 Helado de limón y jengibre ; Helados ;lt; 4.400 ; envases de 5 litros 18500 ; Heca 
 Helado de lúcuma ; Helados ;lt; 4.400 ; envases de 5 litros 18500 ; Heca 
 Helado de mandarina ; Helados ;lt; 4.400 ; envases de 5 litros ; Heca 
 Helado de mango ; Helados ;lt; 4.400 ; envases de 5 litros ; Heca 
 Helado de manjar ; Helados ;lt; 4.400 ; envases de 5 litros 18500 ; Heca 
 Helado de manzana ; Helados ;lt; 4.400 ; envases de 5 litros ; Heca 
 Helado de maracuyá ; Helados ;lt; 4.400 ; envases de 5 litros 18500 ; Heca 
 Helado de marrón glacé ; Helados ;lt; 4.400 ;; Heca 
 Helado de melón y limón ; Helados ;lt; 4.400 ; envases de 5 litros ; Heca 
 Helado de membrillo ; Helados ;lt; 4.400 ; envases de 5 litros ; Heca 
 Helado de menta ; Helados ;lt; 4.400 ; envases de 5 litros 18500 ; Heca 
 Helado de menta chips ; Helados ;lt; 4.400 ; envases de 5 litros 18500 ; Heca 
 Helado de Miel  ; Helados ;lt; 4.400 ; envases de 5 litros ; Heca 
 Helado de mora crema ; Helados ;lt; 4.400 ; envases de 5 litros ; Heca 
 Helado de moSTAZA GRANO ; Helados ;lt; 4.400 ; envases de 5 litros ; Heca 
 Helado de naranja ; Helados ;lt; 4.400 ; envases de 5 litros ; Heca 
 Helado de naranja y jengibre ; Helados ;lt; 4.400 ; envases de 5 litros ; Heca 
 Helado de nocciola italiana ; Helados ;lt; 4.400 ; envases de 1 litro ; Heca 
 Helado de nueces acarameladas ; Helados ;lt; 4.400 ; envases de 5 litros ; Heca 
 Helado de papaya ; Helados ;lt; 4.400 ; envases de 5 litros ; Heca 
 Helado de piña ; Helados ;lt; 4.400 ; envases de 5 litros 18500 ; Heca 
 Helado de pistacho ; Helados ;lt; 4.400 ; envases de 5 litros 22000 ; Heca 
 Helado de plátano ; Helados ;lt; 4.400 ; envases de 5 litros 18500 ; Heca 
 Helado de rosa mosqueta ; Helados ;lt; 4.400 ; envases de 5 litros ; Heca 
 Helado de ruibarbo ; Helados ;lt; 4.400 ; envases de 5 litros ; Heca 
 Helado de sorbet de manzana ; Helados ;lt; 4.400 ; envases de 5 litros ; Heca 
 Helado de tiramisú ; Helados ;lt; 4.400 ; envases de 5 litros 19500 ; Heca 
 Helado de toffe ; Helados ;lt; 4.400 ; envases de 5 litros ; Heca 
 Helado de tres leches ; Helados ;lt; 4.400 ; envases de 5 litros ; Heca 
 Helado de vainilla ; Helados ;lt; 4.400 ; envases de 5 litros 18500 ; Heca 
 Helado de vainilla cardamomo ; Helados ;lt; 4.400 ; envases de 1 litro ; Heca 
 Helado de vainilla mora ; Helados ;lt; 4.400 ; envases de 5 litros ; Heca 
 Helado de yogurt ; Helados ;lt; 4.400 ; envases de 5 litros 18500 ; Heca 
 Helado Frutos del Bosque ; Helados ;lt; 4.400 ; envases de 5 litros 18500 ; Heca 
 HELADOS ; Helados ;lt; 66.250 ;; Heca 
 Hielo frappé ; Hielo ;bolsa; 650 ; 2 kilos x bolsa ; claudia pamela 
 Hielo seco ; Hielo ;kg; 5.000 ;; claudia pamela 
 Hielo-cubos grandes ; Hielo ;bolsa; 450 ; 2 kilos x bolsa ; claudia pamela 
 Higos Frescos ; Frutas/Verduras ;kg; 2.650 ;; Agromarket 
 Higos secos ; Abarrotes ;kg; 6.945 ;; MIGUEL FARIAS 
 Hilos de papas ; Otras Comidas ;c/u; 400 ;; Gastón Castillo 
 Hilos de papas (pequeñas) ; Otras Comidas ;c/u; 300 ;; Gastón Castillo 
 Hinojo ; Frutas/Verduras ;kg; 3.250 ;; Agromarket 
 Hoisin ; Abarrotes ;kg;;; cambiar 
 Hojas de papel de arroz  ; Abarrotes ;pqte; 4.116 ; pqte de 227 grms ; Delicias y mas SpA 
 Hojas de Parra ; Otras Comidas ;frasco; 4.250 ; 500 gramos ; Nezar Lama 
 Hojas de Parra rellenas ; Otras Comidas ;c/u; 304 ;; Nezar Lama 
 Hojas de Parra SIN CARNE ; Otras Comidas ;c/u; 304 ;; Nezar Lama 
 huacatay ; Frutas/Verduras ;c/u; 62 ;; Agromarket 
 Huesillos ; Abarrotes ; kg ; 3.000 ; 22 unid por kg-fantusi grande ; A Y R 
 Huesos carnudos ; Carnes ; kg ; 2.490 ;; Pallet Steak 
 Huesos de cordero ; Carnes ;kg; 980 ;; Comercial Chau 
 Huevos ; Frutas/Verduras ;c/u; 240 ;; MIGUEL FARIAS 
 Huevos de codorniz ; Frutas/Verduras ;c/u; 166 ;; Fruton 
 Humo Liquido ; Otras Comidas ;lt; 1.800 ;; Gudland 
 Humus tahine ; Otras Comidas ;kg; 11.800 ;; Nezar Lama 
 Ibuprofeno ; Abarrotes ; c/u ; 239,00 ;; Salcobrand 
 ICE TEA DE BERRIES (1,5 LT) ; Bebidas ; botella ; 2.500,00 ;; Andina 
 ICE TEA DE TE VERDE (1,5 LT) ; Bebidas ;botella; 2.500 ;; Andina 
 Jabón glicerina hipoalergénico ; Abarrotes ;c/u; 800 ;; Salcobrand 
 Jagermeister ; Tragos ;c/u; 8.133 ;; DESA 
 Jamón Acaramelado ; Carnes ;kg; 6.140 ;; Delicias y mas SpA 
 jamón ahumado ; Carnes ;kg; 4.617 ;; Delicias y mas SpA 
 jamón ahumado de wagyu ; Carnes ;kg; 34.000 ;; Campos de la union 
 Jamón crudo ; Carnes ; kg ; 21.780 ;  500grms ; Globe Italia 
 Jamón pechuga de pavo ahumada ; Carnes ; kg ; 5.545 ;; Delicias y mas SpA 
 Jamón pierna ; Carnes ; kg ; 5.668 ;; Delicias y mas SpA 
 Jamón planchado ; Carnes ; kg ; 4.725 ;; Delicias y mas SpA 
 Jarabe de goma mitjans ; Abarrotes ;botella; 1.518 ;; Distribuidora gilco 
 Jenjibre en polvo ; Abarrotes ;kg; 5.980 ;; Fruton 
 Jengibre fresco ; Frutas/Verduras ;kg; 2.980 ;; Fruton 
 Jengibre marinado ; Abarrotes ;frasco; 6.250 ; frasco de 227 grs ; Delicias y mas SpA 
 Jerez Tío Pepe ; Tragos ;botella; 8.983 ;; German García 
 Jerez zalamero ; Tragos ;botella; 5.266 ; bot. 750 cc ; CAMBIAR 
 Jugo cajita ; Abarrotes ;cajita; 163 ;; Comon 
 Jugo de manzana ; Bebidas ;botella; 678 ;; CCU 
 Jugo de naranja 2 lt ; Bebidas ;botella; 755 ; botella 2 lt ; Andina 
 Jugo de naranja en polvo ; Abarrotes ;kg; 1.450 ;; cambiar 
 Jugo de naranja sofruco ; Abarrotes ;botella; 1.617 ;; German García 
 Jugo de naranja Watts 1,5 lt ; Bebidas ;botella; 2.000 ;; CCU 
 Jugo de piña 2 lt ; Bebidas ;botella; 668 ; botella 2 lt ; Andina 
 Jugo de tomate ; Abarrotes ;lt; 1.740 ;;
 Jugo Naranja Watts de 1,5 lt  ; Bebidas ;botella; 812 ; caja 1,5 lt ; CCU 
 Jugo sobre  ; Abarrotes ;cu; 134 ;; cambiar 
 Jugo tetra de 1,5 lt variedades ; Bebidas ;botella; 503 ; caja 1,5 lt ; Andina 
 Kahlua ; Tragos ;botella; 9.789 ; 700 cc ; Distribuidora Errázuriz 
 kanikama ; Mariscos/Pescados ;kg; 3.200 ;; Cencosud Retail 
 Kebbab de cordero ; Comidas Opcionales (carros) ;c/u; 600 ;; Nezar Lama 
 Kebbab de pollo ; Carnes ;c/u; 600 ;; Nezar Lama 
 Ketchup ; Abarrotes ;kg; 2.936 ;; Fruton 
 Key lime pie ; Dulces/Tortas ;c/u; 31.933 ;; El Esfuerzo 
 Kiwi ; Frutas/Verduras ; kg ; 1.290 ;; Fruton 
 Knaffi ; Masas ;kg; 6.800 ;; Gastón Castillo 
 Kubbe Corvina ; Otras Comidas ;c/u; 600 ;; Nezar Lama 
 Kubbe Crudo ; Otras Comidas ;c/u; 495 ;; Nezar Lama 
 Kubbe frito ; Otras Comidas ;c/u; 570 ;; Nezar Lama 
 Kubbe relleno ; Otras Comidas ;c/u; 640 ;; Nezar Lama 
 Kubbe relleno con piñones ; Otras Comidas ;c/u; 640 ;; Nezar Lama 
 Kubbe relleno frito ; Otras Comidas ;c/u; 640 ;; Nezar Lama 
 kuchen de manzana streussel ; Dulces/Tortas ;c/u; 7.143 ;; Amarena 
 Kuchen de nuez ; Dulces/Tortas ;c/u; 8.782 ;; Amarena 
 Laban ; Otras Comidas ;c/u; 3.900 ;; Nezar Lama 
 Langosta canadiense 120 grs la und. ; Mariscos/Pescados ;c/u; 6.325 ;; Barbara Hurtado limitada 
 Langosta canadiense 120 grs la und. ; Mariscos/Pescados ;kg; 61.673 ;; Barbara Hurtado limitada 
 Langostas vivas 700 grs ; Mariscos/Pescados ;c/u; 14.000 ;; Soc. de servicios continental LTDA. 
 Langostas vivas 800 grs ; Mariscos/Pescados ;c/u; 16.000 ;; Soc. de servicios continental LTDA. 
 Langostas vivas 900 grs ; Mariscos/Pescados ;c/u; 17.000 ;; Soc. de servicios continental LTDA. 
 Laurel fresco ; Frutas/Verduras ; atado ; 800 ; mata 50 grs ; Comercial Valencia 
 Leche ; Lácteos ; lt ; 999 ;; Cabezas y cia 
 leche blanca ; Abarrotes ; kg ; 4.000 ;; Comercial dicalla 
 Leche chocolatada ; Lácteos ;cajita; 287 ;; cambiar 
 Leche condensada ; Abarrotes ;lata; 1.832 ; 395 grs. ; Cabezas y cia 
 Leche de coco ; Abarrotes ;lata; 2.200 ; 400 ml ; A Y R 
 Leche descremada ; Lácteos ;lt; 743 ;; SDA 
 Leche en polvo ; Lácteos ;kg; 4.044 ;; cambiar 
 Leche evaporada ; Abarrotes ;lata; 1.452 ; 410 grs. ; Cabezas y cia 
 Lechuga albert ; Frutas/Verduras ;kg; 2.620 ;; BioInvest 
 lechuga color ; Frutas/Verduras ;c/u; 245 ;; Agromarket 
 lechuga costina ; Frutas/Verduras ;unid; 980 ;; Fruton 
 Lechuga Escarola ; Frutas/Verduras ;c/u; 1.180 ;; Fruton 
 Lechuga Española ; Frutas/Verduras ;c/u; 590 ;; Fruton 
 Lechuga lollo rossa ; Frutas/Verduras ;c/u; 490 ;; Fruton 
 Lechuga lollobionda ; Frutas/Verduras ;c/u; 490 ;; Fruton 
 Lechuga Milanesa ; Frutas/Verduras ; c/u ; 690 ;; Fruton 
 Lecitina ; Abarrotes ; kg ; 9.319 ;; Farmacia 
 Lemon grass ; Frutas/Verduras ; kg ; 6.980 ;; Fruton 
 Lemonchelo ; Abarrotes ; botella ; 8.560 ;; German García 
 Lenguado ; Mariscos/Pescados ; kg ; 6.600 ;; Mar exprees 
 Lenguas de machas ; Mariscos/Pescados ; kg ; 32.000 ;; congelados vv spa 
 Lentejas peladas ; Abarrotes ;;;;
 Lentejas rojas ; Abarrotes ;kg; 4.700 ;; cambiar 
 Levadura fresca ; Abarrotes ;kg; 2.512 ; 500 gramos ; cambiar 
 Levadura seca ; Abarrotes ;pqte; 2.990 ; 500 gramos ; Comon 
 Licor de café Bols ; Tragos ;botella; 1.812 ;; Distribuidora Errázuriz 
 Licor de menta ; Tragos ;botella; 2.118 ;; Distribuidora Errázuriz 
 Limón ; Frutas/Verduras ;kg; 1.590 ;; Fruton 
 Limón de pica ; Frutas/Verduras ;kg; 3.690 ;; Fruton 
 Limon soda ; Bebidas ;botella; 638 ; 1,5 lts. ;
 Limon sutil ; Frutas/Verduras ;kg; 2.490 ;; Fruton 
 Limón tahiti ; Frutas/Verduras ;kg; 1.150 ;; Fullvallis 
 Locos  ; Mariscos/Pescados ;kg; 28.000 ;; Southwind 
 Lomo de albacora ; Mariscos/Pescados ;kg; 5.490 ;; Deli food 
 Lomo de cabrito ; Carnes ;kg;;; Comercial Chau 
 Lomo de cerdo ; Carnes ;kg; 5.330 ;; Comercial Chau 
 Lomo de ciervo ; Carnes ;kg; 12.980 ;; Comercial Chau 
 Lomo de cordero ; Carnes ;kg; 19.500 ;; Granja Marina 
 Lomo liso porcionado wagyu ; Carnes ;kg; 12.990 ;; Comercial Chau 
 lomo liso vacuno ; Carnes ;kg; 8.998 ;; Delicias y mas SpA 
 lomo vetado  ; Carnes ;kg; 11.168 ;; Delicias y mas SpA 
 Lomo vetado de wagyu porcionado ; Carnes ;kg; 12.990 ;; Comercial Chau 
 Longanizas ; Carnes ;kg; 8.620 ;; Pallet Steak 
 Longanizas escudero ; Carnes ;kg; 4.165 ;; Comercial Chau 
 Lumache gigante ; abarrotes ;Bolsa; 2.490 ; 500 gr ; Globe Italia 
 LYCHEES ; abarrotes ;tarro; 2.590 ; 570 GRS ; Fruton 
 Chubi ; Abarrotes ;c/u; 158 ;; Delicias y mas SpA 
 Macarrones ; Dulces/Tortas ;c/u; 330 ;; Bon Macarron 
 Machas en tarro ; Mariscos/Pescados ;tarro; 1.100 ;; Cencosud Retail 
 Machas lengua precocidas ; Mariscos/Pescados ;kg; 32.000 ; sin estómago ; congelados vv spa 
 Machas limpias con estómago ; Mariscos/Pescados ;kg; 32.000 ;; congelados vv spa 
 Maicena ; Abarrotes ;kg; 1.990 ;; Fruton 
 Maiz cancha ; Abarrotes ;kg; 6.990 ;; Delicias y mas SpA 
 Maki de atún ; Otras Comidas ;c/u; 250 ;; Camila Vivanco 
 Maki de salmón ; Otras Comidas ; c/u ; 250,00 ;; Camila Vivanco 
 mama juana ; Tragos ;botella; 25.000 ;;
 Mandarina ; Frutas/Verduras ;kg; 1.790 ;; Fruton 
 Mandarinas caramelizadas ; Dulces/Tortas ;c/u; 140 ;; Adriana Moreno 
 Mango    ; Frutas/Verduras ;tarro; 4.090 ; 230 grs drenado ; Delicias y mas SpA 
 Mango fresco ; Frutas/Verduras ;kg; 1.980 ;; Fruton 
 Mango Trozo ; Frutas/Verduras ;kg; 3.890 ;; Fruton 
 Maní ; Abarrotes ;kg; 2.793 ;; Delicias y mas SpA 
 Maní salado ; Abarrotes ;kg; 2.200 ;; Tres Valles Spa 
 Manjar ; Abarrotes ;kg; 3.900 ;; MIGUEL FARIAS 
 Mankaki ; Frutas/Verduras ;kg; 890 ;; Agromarket 
 manteca ; Abarrotes ; kg ; 3.390 ; crucina de 1 kg ; Fruton 
 mantequilla ; Lácteos ; kg ; 8.391 ;; Cabezas y cia 
 mantequilla sin sal ; Lácteos ;kg; 5.056 ;; U y V 
 Mantequilla de maní ; Abarrotes ;kg; 5.929 ;; Delicias y mas SpA 
 Manzana roja ; Frutas/Verduras ; kg ; 1.290 ; 5 unid x kilo-fuji ; Fruton 
 Manzana verde ; Frutas/Verduras ; kg ; 890 ;; Fruton 
 Manzanas confitadas ; Otras Comidas ;c/u; 1.800 ;; Sweet Dreams 
 Máquina de afeitar ; Abarrotes ;pqte; 882 ; 2 unidades ; Salcobrand 
 Maquina de café ; Otras Comidas ; c/u ; -   ;; Bodega 
 Maracuyá ; Frutas/Verduras ; kg ; 2.900 ;; Piedra y Piedra 
 Margarina ; Lácteos ;kg; 1.549 ;; cambiar 
 Marlboro light ; Otras Comidas ;c/u; 1.700 ;; Cencosud Retail 
 Marlboro light ; Otras Comidas ;c/u; 1.700 ;; Cencosud Retail 
 Marlboro Rojo ; Otras Comidas ;c/u; 1.700 ;; Cencosud Retail 
 Marlboro Rojo ; Otras Comidas ;c/u; 1.700 ;; Cencosud Retail 
 Marraqueta ; Pan ;kg; 1.076 ;; Deli Meals 
 Marrasquino ; Abarrotes ;frasco; 3.537 ; frasco de 1,1kg ; Centro Abasto 
 Marrón glasé ; Dulces/Tortas ;c/u; 1.050 ; 50 grs. c/u ; Carmelita Ossa 
 Marshmallow ; Abarrotes ;bolsa; 2.900 ;; A Y R 
 Martini blanco ; Tragos ;botella; 2.860 ;; Escocia 
 Martini dry ; Tragos ; botella ; 5.016 ;; Escocia 
 Masa de arrollado primavera ; Masas ;c/u; 2.016 ; 55 por paquete ; Cencosud Retail 
 Masa de gyosa ; Masas ; pqte ; 1.730 ;; cambiar 
 Masa de hoja ; Masas ;kg; 5.780 ; 60 x 40 cm. ; Gastón Castillo 
 Masa de hoja de chocolate ; Masas ;kg; 6.000 ;; Gastón Castillo 
 Masa de lasaña azafrán ; Masas ;kg; 5.780 ;; Gastón Castillo 
 Masa de lasaña blanca ; Masas ;kg; 5.780 ; 32*16 cm ; Gastón Castillo 
 Masa de lasaña de chocolate ; Masas ;kg; 5.000 ; 32*16 cm ; Gastón Castillo 
 Masa de lasaña negra ; Masas ;kg; 6.500 ; 32*16 cm ; Gastón Castillo 
 Masa de lasaña roja ; Masas ;kg; 1.350 ;; Gastón Castillo 
 Masa de lasaña verde ; Masas ;kg; 6.300 ; 32*16 cm ; Gastón Castillo 
 Masa de Spring roll 25*25 ; Masas ;pqte; 6.290 ; 50 unid x pqte ; Delicias y mas SpA 
 Masa de tacos ; Masas ;c/u; 120 ;; cambiar 
 Masa de tacos ; Masas ;pqte; 1.200 ; pqte de 10 unidades ; cambiar 
 Masa de wang tang 17*17 ; Masas ;pqte; 1.880 ; 30 unid ; Gastón Castillo 
 Masa de wang tang 9.5*9.5 ; Masas ; pqte ; 1.710 ; 30 unidades ; Gastón Castillo 
 Masa filo ; Masas ;kg; 6.400 ;; Gastón Castillo 
 Masa lasaña callampas ; Masas ; kg ; 7.000 ;; Gastón Castillo 
 Masarín de cordero ; Otras Comidas ;unid; 980 ;; Nezar Lama 
 Mascarilla ; Abarrotes ;caja; 2.190 ; 50 unidades ; Chile Distribución 
 Mayonesa hellmanns  ; Abarrotes ;kg; 3.650 ; bolsa de 1 kg ; MIGUEL FARIAS 
 Mayonesa hellmanns VEGANA ; Abarrotes ;kg; 1.366 ; hellmanns light ; Delicias y mas SpA 
 Mazapanes ; Dulces/Tortas ;rollo; 3.345 ;; mazapanchito 
 Melón calameño ; Frutas/Verduras ;c/u; 1.790 ;; Fruton 
 Melón tuna ; Frutas/Verduras ;c/u; 1.790 ;; Fruton 
 Membrillo ; Frutas/Verduras ;kg; 2.250 ;; Agromarket 
 Menta ; Frutas/Verduras ;kg; 3.980 ;; Fruton 
 Menu kosher ; Otras Comidas ;c/u; 35.000 ;; Guity Schwarcz 
 Merengue ; Abarrotes ;pqte; 1.350 ; 3 discos ; Carmelita Ossa 
 Merengue champiñones ; Abarrotes ;c/u; 150 ;; Carmelita Ossa 
 Merengues cajón ; Dulces/Tortas ;unid; 2.101 ;; Dulcería Montolín 
 Merken ; Abarrotes ;kg; 4.097 ;; Comon 
 Merluza austral ; Mariscos/Pescados ;kg; 6.800 ;; Southwind 
 Mermelada de damasco ; Abarrotes ;kg; 3.364 ;; Delicias y mas SpA 
 Mermelada de de guinda ; Abarrotes ;kg; 3.364 ;; Delicias y mas SpA 
 Mermelada de de mora ; Abarrotes ;kg; 3.364 ;; Delicias y mas SpA 
 Mermelada de frambuesa ; Abarrotes ;kg; 3.364 ;; Delicias y mas SpA 
 Mermelada de frutilla ; Abarrotes ;kg; 3.364 ;; Delicias y mas SpA 
 Mermelada de naranja ; Abarrotes ;kg; 3.364 ;; cambiar 
 Mermelada de ruibarbo ; Abarrotes ;kg; 15.980 ;; Delicias y mas SpA 
 Mero  ; Mariscos/Pescados ;kg; 8.900 ;; Southwind 
 Miel ; Abarrotes ;kg; 3.980 ;; Fruton 
 Miel de lavanda ; abarrotes ;kg; 4.500 ;; cambiar 
 Miel de palma ; Abarrotes ;lata; 2.587 ; lata 240 gr ; Comercial San Joaquin 
 Mijo cocido ; Otras Comidas ;c/u; -   ;; cambiar 
 Mini Eclairs ; Dulces/Tortas ;c/u; 748 ;; El Esfuerzo 
 Mini tejas ; Otras Comidas ;c/u; 117 ;; Ursula 
 Mirín vino dulce de arroz ; Otras Comidas ;ltr.; 7.868 ;; cambiar 
 Mizuna ; Frutas/Verduras ; kg ; 3.980 ;; Fruton 
 Mollejas de cerdo ; Carnes ;kg; 12.000 ;; Pallet Steak 
 Mondadientes ; Abarrotes ;pqte; 600 ; 100 unid ; Delicias y mas SpA 
 Mora congelada ; Frutas/Verduras ;kg; 5.500 ;; Congefruits 
 Morillas ; Frutas/Verduras ;kg; 200.000 ;; Piedra y Piedra 
 Mostacilla de chocolate ; Abarrotes ;kg; 689 ;; Deli Meals 
 Mostaza a la antigua ; Abarrotes ;kg; 2.500 ; frasco 220 grs ; A Y R 
 Mostaza amarilla entera ; Abarrotes ;kg; 2.215 ;; Gudland 
 Mostaza Dijon ; Abarrotes ;kg; 6.715 ; frascos de 850 cc ; Delicias y mas SpA 
 Mostaza Hellmans ; Abarrotes ;kg; 2.149 ;; Delicias y mas SpA 
 Mote ; Abarrotes ;kg; 2.600 ;; MIGUEL FARIAS 
 Mouse de foie gras ; Abarrotes ;kg; 27.500 ;; inv. Chilart 
 Moztacillas de colores ; Abarrotes ;kg; 1.750 ;; cambiar 
 Muffin de amapola y limón ; Dulces/Tortas ;unid; 337 ;; Amarena 
 Muffin de arándanos ; Dulces/Tortas ;unid; 300 ;; Amarena 
 Muffin de chocolate ; Dulces/Tortas ;unid; 300 ;; Amarena 
 Muffin de plátano con nueces y canela ; Dulces/Tortas ;unid; 300 ;; Amarena 
 Murtillas ; Frutas/Verduras ;kg; 3.190 ;; Agromarket 
 Nabo ; Frutas/Verduras ;unid; 2.790 ; 2400 el kilo (1 unidad aprox) ; Fruton 
 Namura ; Otras Comidas ;c/u; 130 ;; Nezar Lama 
 Naranjas acarameladas ; Dulces/Tortas ;unid; 140 ;; Adriana Moreno 
 Naranjas jugo ; Frutas/Verduras ;kg; 1.690 ;; Comercial Valencia 
 Negritos /castaña ; Dulces/Tortas ;c/u; 980 ;; Daniel Gelferstein 
 nigiri atún ; Otras Comidas ;c/u; 340 ;; Camila Vivanco 
 nigiri camarón ; Otras Comidas ;c/u; 260 ;; Camila Vivanco 
 nigiri salmón ; Otras Comidas ;c/u; 260 ;; Camila Vivanco 
 Nordic ginger ale ; Bebidas ;botella; 771 ; 1,5 lts. ; German García 
 Nordic tonica ; Bebidas ;botella; 771 ;; Andina 
 Nori ; Abarrotes ;pqte; 14.690 ; 100 hojas por pqte ; cambiar 
 Nuez mariposa ; Abarrotes ;kg; 11.200 ;; Tres Valles Spa 
 Nuez moscada en polvo ; Abarrotes ;kg; 26.990 ;; Fruton 
 Nuez partida ; Abarrotes ;kg; 8.900 ;; MIGUEL FARIAS 
 nugget de pollo ; Carnes ;kg; 4.830 ;; Delicias y mas SpA 
 Ñoquis  ; Otras Comidas ;BANDEJA; 1.705 ; 500GR ; glove italia 
 Ñoquis verdes rellenos con queso cabra ; Otras Comidas ;c/u; 30 ;; Renato 
 Oil fish ; Abarrotes ;kg; 6.000 ;; Packets 
 Ojo de bife ; Carnes ;kg; 4.098 ; lomo vetado 250 a 300 grs c/u ; Comercial Chau 
 Operador cordero al palo ; Comidas Opcionales (carros) ;c/u; 75.000 ; 75000 x cordero ; alejandro 
 Oporto ; Vinos ; botella ; 5.512 ; 750 ml. ; CAMBIAR 
 Orégano ; Abarrotes ; kg ; 3.900 ;; Fruton 
 Osobuco centro de vacuno ; Carnes ; kg ; 3.980 ;; Comercial Chau 
 Osobuco de wagyu ; Carnes ; kg ; 1.998 ;; Comercial Chau 
 Ostión sin coral ; Mariscos/Pescados ; kg ; 7.200 ;; Southwind 
 Ostión sin coral picado ; Mariscos/Pescados ; kg ; 14.000 ;; Southwind 
 Ostiones A ; Mariscos/Pescados ; kg ; 10.000 ;; Southwind 
 Ostiones B ; Mariscos/Pescados ; kg ; 8.790 ; 20 und x kilo ; Southwind 
 Ostiones C ; Mariscos/Pescados ; kg ; 17.000 ; 50*kg ; Southwind 
 Ostras chicas ; Mariscos/Pescados ; c/u ; 280 ;; la otra spa 
 Ostras exportación ; Mariscos/Pescados ; c/u ; 450 ;; la otra spa 
 Ostras medianas ; Mariscos/Pescados ;c/u; 350 ;; Gourmar 
 Paccheri giganti ; Abarrotes ;pqte; 4.290 ; pqte de 500 gr ; Gourmet Italia 
 Pajitas blancas ; Abarrotes ;pqte; 1.250 ; 50 unid x pqte ; Delicias y mas SpA 
 Pala plasticas ; Abarrotes ;c/u; 899 ;; Chile Distribución 
 Paleta de cabrito ; Carnes ;kg; 3.980 ;; Comercial Chau 
 Paletas de dulce ; Otras Comidas ;c/u; 500 ; grande ; Deli churros 
 Paletas niños ; Abarrotes ;c/u; 123 ; medianas ; cambiar 
 Paletas niños chicas ; Abarrotes ;c/u; 80 ; chicas ; cambiar 
 Palillo ; Abarrotes ;kg; 3.493 ;; cambiar 
 Palitos de sushi ; Abarrotes ;pqte; 24 ; 100 pares ; Delicias y mas SpA 
 Palmitos ; Abarrotes ;lata; 4.570 ; 500 grs drenados ; Delicias y mas SpA 
 Palta envasada ; Abarrotes ;kg; 2.400 ; equivale a 1,5 kg de palta hass ; Comercializadora novaverde 
 Palta hass ; Frutas/Verduras ;kg; 4.000 ;; Palta royal 
 Pan aceituna ; Pan ;c/u; 60 ;; New york bakery 
 Pan Amapola y nuez ; Pan ;kg; 1.420 ;; cambiar 
 Pan Amasado ; Pan ;c/u; 150 ;; Deli Meals 
 Pan Bagels ; Pan ;c/u; 245 ;; Le fournil 
 Pan Baguette ; Pan ;c/u; 924 ;; Deli Meals 
 Pan centeno y nuez ; Pan ;c/u; 572 ;; Le fournil 
 pan ciabatta aceituna ; Pan ;c/u; 63 ;; Deli meals 
 Pan Ciabatta grande  ; Pan ;kg; 1.632 ; caja de 50 unid. 7,5 kg ; Breden Master 
 Pan Ciabatta media ; Pan ;c/u; 49 ;; Deli Meals 
 Pan cotidiano ; Pan ;c/u; 67 ; del porte del pan de mesa mediano  ; Le Fournil 
 Pan de Croisant ; Pan ;c/u; 171 ;; Deli Meals 
 Pan de hoja ; Pan ;c/u; 94 ; 30 unid *kg ????? ; Deli Meals 
 pan fougasse ; Pan ;c/u; 448 ;; Deli Meals 
 pan fougasse integral ; Pan ;c/u; 504 ;; Le Fournil 
 pan media frica ; Pan ;c/u; 132 ;; El Esfuerzo 
 Pan Grisini blanco ; Pan ;c/u; 42 ;; Le fournil 
 Pan Grisini de finas hierbas ; Pan ;c/u; 138 ;; Le fournil 
 Pan grisinni  15 cm sabores ; Pan ;c/u; 63 ;; Deli meals 
 Pan guagua ; Pan ;kg; 4.980 ;; MIGUEL FARIAS 
 Pan guagua integral ; Pan ;kg; 1.940 ; 35 tajadas x unid ; Deli Meals 
 Pan hot dog ; Pan ;KG; 970 ; 16-17 UNID * KG ; Deli Meals 
 Pan mini hot dog ; Pan ;c/u; 150 ;; New york bakery 
 pan ITALIANO TOMATE 11*15 ; Pan ;c/u; 504 ;; Le Fournil 
 Pan media frica ; Pan ;c/u; 122 ;; Deli Meals 
 Pan mesa variedades ; Pan ;c/u; 150 ;; El Esfuerzo 
 Pan negro ; Pan ;c/u; 120 ;; New york bakery 
 Pan pannini ; Pan ;c/u;;;
 Pan petit baguette blanco ; Pan ;c/u; 70 ;; Deli meals 
 Pan petit baguette integral ; Pan ;c/u; 71 ;; Deli meals 
 Pan pita chico ; Pan ;c/u; 145 ;; Nezar Lama 
 Pan pita grande ; Pan ; c/u ; 200 ; 1150 los 6 ; Centro Abasto 
 Pan rallado ; Pan ;kg; 2.400 ;; Fruton 
 Pan SÉSAMO ; Pan ;c/u; 60 ;; El Esfuerzo 
 Pan tapadito redondo ; Pan ;c/u; 68 ;; El Esfuerzo 
 Pan tapadito ovalado ; Pan ;c/u; 68 ;; El Esfuerzo 
 Pan tapadito hojaldre ; Pan ;c/u; 80 ;; El Esfuerzo 
 Pan vino y nuez ; Pan ;c/u; 639 ;; Le Fournil 
 Pana de pollo ; Carnes ;kg; 1.600 ;; Delicias y mas SpA 
 Pana de vacuno ; Carnes ;kg; 1.398 ;; Pallet Steak 
 Paneer ; Abarrotes ;kg;;;
 Panko ; Abarrotes ;kg; 4.150 ;; Fruton 
 Pantys ; Abarrotes ;c/u; 690 ; Caffarena musk clasic ; cambiar 
 Paño amarillo limpieza (danzarina) ; Abarrotes ;c/u; 417 ;; cambiar 
 Paños de cocina ; Abarrotes ;c/u; 250 ;; cambiar 
 Pañuelo desechable ; Abarrotes ;c/u; 380 ;; Cencosud Retail 
 Papa apio ; Frutas/Verduras ;kg; 2.990 ;; Agromarket 
 Papa hinojo ; Frutas/Verduras ;kg; 3.250 ;; Agromarket 
 Papa semillón ; Frutas/Verduras ;kg; 790 ;; Fruton 
 Papardelle callampa ; Masas ;kg; 1.980 ;; Tutta Pasta 
 Papas ; Frutas/Verduras ; kg ; 890 ;; Fruton 
 Papas cepilladas ; Frutas/Verduras ; kg ; 890 ;; Fruton 
 Papas duquesas  ; Abarrotes ;kg; 2.290 ;; Fruton 
 Papas fritas ; Abarrotes ;bolsa; 2.390 ; marcopolo ; Delicias y mas SpA 
 Papas fritas congeladas ; Abarrotes ;bolsa; 5.500 ; 2,5 kg * bolsa 12 porciones ; Fruton 
 Papas fritas congeladas CON PIEL ; Abarrotes ;bolsa; 1.960 ; 2,5 kg * bolsa 12 porciones ; Fruton 
 Papas gigantes 600 grs aprox c/u ; Frutas/Verduras ;kg; 600 ;; Agromarket  
 Papas Grisette ; Frutas/Verduras ; kg ; 4.250 ;; Fruton 
 Papas medianas ; Frutas/Verduras ; kg ; 890 ;; Fruton 
 Papas Moradas chilotas ; Frutas/Verduras ; kg ; 3.590 ;; Fruton 
 Papas nuevas ; Frutas/Verduras ;kg; 430 ;; Fruton 
 Papas peladas ; Frutas/Verduras ;kg; 1.200 ; 5 uni x kg ; Fruton 
 Papas prefritas ; Abarrotes ;kg; 2.200 ; bolsa de 2,5kg ; Fruton 
 Papas rellenas ; Abarrotes ; unid ; 405 ;; Nezar Lama 
 Papas semillas ; Frutas/Verduras ; kg ; 430 ;; Agromarket 
 Papas TIKA ; Frutas/Verduras ; kg ; 11.722 ;; Deli Meals 
 Papas topinambur ; Frutas/Verduras ;kg; 4.000 ;; Comercial Valencia 
 Papayas ; Frutas/Verduras ;c/u; 189 ;; Piedra y Piedra 
 Papayas al jugo ; Abarrotes ;tarro; 6.350 ; 1 KG ; MIGUEL FARIAS 
 Papayas al jugo en tarro  ; Abarrotes ;Frasco 500c fil; 6.350 ;; MIGUEL FARIAS 
 Papel antigrasa ; Abarrotes ;caja/500; 5.000 ;; cambiar 
 Papel confort elite ; Abarrotes ;c/u; 223 ;; cambiar 
 Papel de arroz ; Abarrotes ;c/u; 53 ;; cambiar 
 Papel higienico rollo ; Abarrotes ;rollo; 3.385 ; doble hoja 250 mt ; coesmo 
 Papel mantequilla ; Abarrotes ;pliego; 79 ;; cambiar 
 Paprika  ; Abarrotes ;kg; 1.860 ;; cambiar 
 Paprika dulce ; Abarrotes ;kg; 1.860 ;; cambiar 
 Paracetamol ; Abarrotes ;caja; 1.004 ; 24 tabletas ; Salcobrand 
 Parche curita nexcare ; Abarrotes ;caja; 2.491 ; 30 unidades ; Salcobrand 
 Parfait de mandarinas ; Dulces/Tortas ;unid; 12.605 ; 15 pax ; El Esfuerzo 
 Parfait de nuez ; Dulces/Tortas ;unid; 14.900 ; 15 pax ; Carmelita Ossa 
 Pasas corinto ; Abarrotes ;kg; 1.950 ;; cambiar 
 Pasas morenas ; Abarrotes ;kg; 2.600 ;; Tres Valles Spa 
 Pasas rubias ; Abarrotes ;kg; 3.500 ;; Tres Valles Spa 
 Pasta de Berenjenas ; Otras Comidas ;kg; 7.600 ;; Nezar Lama 
 Pasta de tamarindo ; Abarrotes ;botella; 3.890 ; Botella de 400 cc ; cambiar 
 Pasta de tartufo HO3001 ; Abarrotes ;frasco; 18.900 ; frasco de 180 gr ; Globe Italia 
 Pasta miso ; Abarrotes ; kg ; 6.607 ;; cambiar 
 Pastelera choclo ; Frutas/Verduras ; kg ; 2.750 ;; Fruton 
 Pastillas de menta arcor ; Abarrotes ;bolsa; 2.470 ; pqte de 935 grs ; cambiar 
 Pastrami ; Carnes ;kg; 13.820 ;; Piedra y Piedra 
 Patas de cerdo ; Carnes ;kg; 498 ;; Comercial Chau 
 Paté de ternera ; Carnes ; kg ;;; Cencosud Retail 
 Pato desmenuzado ; Carnes ; kg ; 63.600 ;; Granja Marina 
 Pato entero Muscovy ; Carnes ; kg ; 3.198 ;; ? 
 Pavlova de berries ; Dulces/Tortas ; unid ; 29.412 ;; El Esfuerzo 
 Pavo ; Carnes ; kg ; 2.008 ;; Pallet Steak 
 Pechera plastica ; Abarrotes ; c/u ; 1.581 ;; Algarrobal 
 Pechera plástica desechable ; Abarrotes ; c/u ; 930 ; bolsas de 10 unid ; Algarrobal 
 Pechuga de ganso ; Carnes ;kg; 10.980 ;; Comercial Chau 
 Pechuga de pato deshuesada ; Carnes ;kg; 28.500 ; magré ; Granja Marina 
 Pechuga de pavo deshuesada ; Carnes ;kg; 10.598 ;; Pallet Steak 
 Pechuga de pavo entera ; Carnes ;kg; 11.000 ;; Comercial Chau 
 Pechuga de pollo Ahumado ; Carnes ;kg; 2.998 ;; Comercial Chau 
 Pechuga de pollo con hueso ; Carnes ; kg ; 1.898 ;; Pallet Steak 
 Pechuga de pollo deshuesada ; Carnes ; kg ; 4.598 ;; Pallet Steak 
 Pechuga de pollo rellena jamon queso ; Carnes ;c/u; 990 ;; Delicias y mas SpA 
 Penne rigate ; Abarrotes ; kg ; 1.000 ;; Tottus 
 Pepinillos ; Frutas/Verduras ;kg; 3.980 ;; Fruton 
 Pepino Ensalada ; Frutas/Verduras ;c/u; 790 ;; Comercial Valencia 
 Pepino fruta ; Frutas/Verduras ;kg; 3.000 ;; Comercial Valencia 
 Pepperonni ; Carnes ;kg;;;
 Pepsi ; Bebidas ;botella; 594 ; botella de 1,5 lt ; CCU 
 Pepsi light ; Bebidas ;botella; 639 ; botella de 1,5 lt ; CCU 
 Peras ; Frutas/Verduras ;kg; 1.390 ;; Comercial Valencia 
 Perejil ; Frutas/Verduras ;kg; 1.980 ;; Comercial Valencia 
 Perejil Crespo ; Frutas/Verduras ;kg; 19.800 ;; Fruton 
 Perejil limpio ; Frutas/Verduras ;kg; 2.990 ;; Comercial Valencia 
 Pernil de cerdo ; Carnes ; kg ; 2.598 ;; Comercial Chau 
 Pesto ; Abarrotes ; kg ; 20.468 ;; Delicias y mas SpA 
 Petit Bouché (planchaditos de jamón piña) ; Otras Comidas ;c/u; 253 ;; Avenue du bois 
 Petit four ; Dulces/Tortas ;c/u; 130 ;; Adriana Moreno 
 Picorocos frescos ; Mariscos/Pescados ;kg; 841 ;; Walter Godoy Asalagado 
 Picrato de Butesin ; Abarrotes ;c/u; 6.020 ;; Salcobrand 
 Pierna de cabrito deshuesada ; Carnes ;kg; 4.298 ;; Comercial Chau 
 Pierna de cabrito entera ; Carnes ;kg; 2.498 ;; Comercial Chau 
 Pierna de cerdo ahumada ; Carnes ;kg; 63.700 ;; Aybar 
 Pierna de cordero con hueso ; Carnes ;kg; 4.980 ;; Comercial Chau 
 Pierna de cordero deshuesada ; Carnes ;kg; 18.500 ;; Granja Marina 
 Pierna de jamón ahumada ; Carnes ;kg; 7.390 ;; Comercial Chau 
 Pierna de jamón serrano ; Carnes ;c/u; 56.250 ;; Salamanca Food 
 Pierna entera de jamón acaramelado ; Carnes ;c/u; 29.100 ;; Comercial Chau 
 Pimentón amarillo ; Frutas/Verduras ;c/u; 1.190 ;; Comercial Valencia 
 Pimentón Rojo ; Frutas/Verduras ;c/u; 890 ;; Comercial Valencia 
 Pimentón Verde ; Frutas/Verduras ;c/u; 1.290 ;; Fruton 
 Pimienta blanca en grano ; Abarrotes ;kg; 6.739 ;; cambiar 
 Pimienta blanca molida ; Abarrotes ;kg; 13.032 ;; cambiar 
 Pimienta cayena ; Abarrotes ;kg; 3.860 ;; Goutland 
 Pimienta negra en grano ; Abarrotes ;kg; 6.500 ;; A Y R 
 Pimienta negra molida ; Abarrotes ; kg ; 15.089 ;; cambiar 
 Pimienta roja ; Abarrotes ; frasco ; 1.190 ; frasco 35 gr ; cambiar 
 Pimienta verde ; Abarrotes ;frasco; 1.173 ; frasco 35 gr ; cambiar 
 Pimiento morrón en corserva ; Abarrotes ;lata; 1.395 ; tarro 500grs ; cambiar 
 Pinches negros ; Abarrotes ;pqte; 521 ; 20 unidades ; Salcobrand 
 Pinza de jaiva cocktail ; Mariscos/Pescados ;kg; 6.500 ;; Comercial Océano 
 Piña caramelo ; Frutas/Verduras ;c/u; 2.980 ;; Fruton 
 Piña confitada ; Abarrotes ;kg; 4.429 ;;
 Piña Lata kg ; Abarrotes ;lata; 1.486 ; lata de 500grs ; cambiar 
 Piña rodaja ; Abarrotes ;lata; 1.135 ; 567gr ; cambiar 
 Pisco alto del carmen 35º ; Tragos ; botella ; 5.280,00 ; Botella 1Lt. ; VYL 
 Pisco alto del carmen 40° doble destilado ; Tragos ; botella ; 6.872,00 ; BOTELLA 750 CC ; VYL 
 Pisco Bauza 1 lt ; Tragos ;botella; 6.000 ;; Distribuidora La Martina 
 Pisco Bauzá 35º ; Tragos ;botella; 4.058 ; BOTELLA 1 LT ; Distribuidora La Martina 
 Pisco Bauzá 45º ; Tragos ;botella; 2.260 ;; Agro productos bauzá 
 Pisco campanario 35° 1 litro ; Tragos ;botella; 980 ; Display 6 unid. ; CCU 
 Pisco capel 35º 1 lt ; Tragos ;botella; 3.197 ;; German García 
 Pisco capel 35º 700 cc ; Tragos ;botella; 1.912 ;; German García 
 Pisco mistral 35° ; Tragos ;botella; 3.053 ; BOTELLA 1 LT ; CCU 
 Pisco ruta norte ; Tragos ;botella; 1.564 ;; German García 
 Pisco Tabernero ; Tragos ;botella; 20.961 ; botella de 2 lt ; VYL 
 Pisco tres erres ; Tragos ;botella; 3.152 ;; ccu 
 Pistacho ; Abarrotes ; kg ; 28.815 ;; MIGUEL FARIAS 
 Pita ; Abarrotes ; ovillo ; 3.126 ; ovillo de………. ; cambiar 
 Pizza de champiñon ; Otras Comidas ; c/u ; 350 ; individual ; cambiar 
 Pizza personal trasnoche (2 und.) ; Otras Comidas ; planchas ; 14.000 ;; El Esfuerzo 
 Pizza napolitana ; Otras Comidas ;c/u; 256 ; individual ; cambiar 
 Plátano ; Frutas/Verduras ;kg; 1.290 ;; Comercial Valencia 
 Plátano Verde ; Frutas/Verduras ;kg; 1.980 ;; Fruton 
 Plateada de cerdo ; Carnes ;kg; 8.290 ;; Pallet Steak 
 Plateada de vacuno  ; Carnes ;kg; 5.098 ;; Comercial Chau 
 poc choy ; Frutas/Verduras ;kg; 9.680 ;; BioInvest 
 Polenta ; Abarrotes ;kg; 1.038 ;; cambiar 
 Pollio de grano relleno ; Carnes ;unid; 3.193 ;; Nezar Lama 
 Pollito de grano ; Carnes ;kg; 1.998 ;; Comercial Chau 
 Pollo entero ; Carnes ;kg; 998 ;; Pallet Steak 
 Pollo ganso ; Carnes ;kg; 7.990 ;; Pallet Steak 
 Polvo de ají ; Abarrotes ;; 3.850 ;;
 Polvo de ají amarillo ; Abarrotes ;kg;;; Gudland 
 Polvo de hornear ; Abarrotes ;kg; 4.529 ;; cambiar 
 Pomelo ; Frutas/Verduras ;kg; 2.490 ;; Comercial Valencia 
 Pomelos rosados ; Frutas/Verduras ;kg; 590 ;; Agromarket 
 Pop cakes ; Dulces/Tortas ;c/u; 850 ;; El Esfuerzo 
 Pork bely ; carnes ;kg; 5.880 ;; Agrosuper 
 Porotos   ; Abarrotes ;kg; 2.580 ;; cambiar 
 Porotos negros ; Abarrotes ;kg; 1.500 ;; A Y R 
 porotos pallares ; Abarrotes ;kg; 2.900 ;; Fruton 
 Porotos verdes congelados ; Abarrotes ;kg; 1.398 ;; Abasto 
 Posta de ciervo ; Carnes ;kg; 7.800 ;; Comercial Chau 
 Posta negra ; Carnes ;kg; 6.553 ;; Pallet Steak 
 Posta rosada ; Carnes ;kg; 6.553 ;; Pallet Steak 
 Posta rosada de wagyu ; Carnes ;kg; 7.998 ; Posta rosada ANGUS ; Pallet Steak 
 Postre de diabéticos ; Dulces/Tortas ;c/u; 14.900 ;; Carmelita Ossa 
 Povidona Yodada ; Abarrotes ;c/u; 474 ;; Salcobrand 
 Prietas ; Carnes ;kg; 4.358 ;; Delicias y mas SpA 
 Profiteroles ; Dulces/Tortas ;c/u; 50 ;; Carmelita Ossa 
 Profiteroles chicos ; Dulces/Tortas ;c/u; 59 ;; cambiar 
 Profiteroles de aceitunas negras ; Otras Comidas ;c/u; 65 ;; cambiar 
 Profiteroles de albahaca ; Otras Comidas ;c/u; 65 ;; cambiar 
 Profiteroles de azafran ; Otras Comidas ; c/u ; 65 ;; cambiar 
 Puerros ; Frutas/Verduras ;c/u; 790 ;; Comercial Valencia 
 Pulpa de arándanos ; Jugos ;kg; 3.500 ;; Congefruits 
 Pulpa de cerdo con hueso ; Carnes ;kg; 1.598 ;; Pallet Steak 
 Pulpa de cerdo deshuesada ; Carnes ;kg; 4.992 ;; Pallet Steak 
 Pulpa de chirimoya ; Jugos ;kg; 4.800 ;; Congefruits 
 Pulpa de cordero ; Carnes ;kg; 6.980 ;; Comercial Chau 
 Pulpa de durazno ; Jugos ;kg; 1.998 ;; Piedra y Piedra 
 Pulpa de frambuesas ; Jugos ;kg; 4.600 ;; Congefruits 
 Pulpa de frutillas ; Jugos ;kg; 2.900 ;; Congefruits 
 Pulpa de guayaba ; Jugos ;kg; 1.800 ;; Piedra y Piedra 
 Pulpa de javalí ; Carnes ;kg; 5.998 ;; Comercial Chau 
 Pulpa de limón ; Jugos ;kg; 3.900 ;;
 Pulpa de limon sutil ; Jugos ;unid; 5.500 ;; Congefruits 
 Pulpa de lúcuma ; Jugos ;kg; 6.000 ;; Congefruits 
 Pulpa de mango ; Jugos ;kg; 3.900 ;; Congefruits 
 Pulpa de maracuyá con pepas ; Jugos ;kg; 4.990 ;; Congefruits 
 Pulpa de maracuyá sin pepas ; Jugos ;kg; 4.990 ;; Congefruits 
 Pulpa de melón tuna ; Jugos ;kg; 1.998 ;; Piedra y Piedra 
 Pulpa de naranja ; Jugos ;kg; 1.700 ;; Piedra y Piedra 
 Pulpa de papaya ; Jugos ;kg; 1.600 ;; cambiar 
 Pulpa de piña ; Jugos ;kg; 3.400 ;; Congefruits 
 Pulpa jugo de chirimoya  ; Jugos ;kg; 4.300 ;; Congefruits 
 Pulpa jugo de frambuesas ; Jugos ;kg; 3.950 ;; Congefruits 
 Pulpo ; Mariscos/Pescados ;kg; 16.100 ;; Granja Marina 
 Punta Paleta de wagyu ; carnes ;kg; 9.998 ;; Pallet Steak 
 Puntas de espárragos ; Frutas/Verduras ;kg; 1.740 ;; Piedra y Piedra 
 Puré de castaña ; Abarrotes ;frasco; 4.900 ; 1,2 kg ; A Y R 
 Puré de Lúcuma ; Abarrotes ;lata; 4.725 ; 3,6 Kgrs. ; Piedra y Piedra 
 Puré de papas ; Abarrotes ;bolsa; 5.190 ; bolsa de 1 kilo ; Delicias y mas SpA 
 Puritos ; Otras Comidas ;cajita; 4.000 ; 10 unidades por caja ; Cencosud Retail 
 queso ahumado ; Lácteos ;kg; 6.344 ;; Quillayes 
 Queso brie ; Lácteos ;kg; 8.505 ; 7 unid x kg ; Quillayes 
 Queso camembert ; Lácteos ;kg; 9.902 ; 10 uni x kg ; Quillayes 
 Queso Chacra ; Lácteos ; pieza ;2350; 500 grs. ; Quillayes 
 Queso Cheddar ; Lácteos ; kg ;14990;; santa rosa 
 queso cottage ; Lácteos ; kg ; 5.490 ;; quesos artizan 
 Queso crema ; Lácteos ; kg ; 6.961 ;; Delicias y mas SpA 
 Queso de cabra ; Lácteos ; kg ; 17.444 ;; artisan 
 Queso edam ; Lácteos ; kg ; 9.158 ;; Quillayes 
 Queso ementhal ; Lácteos ; kg ; 8.490 ;; Quillayes 
 Queso fresco ; Lácteos ; kg ; 3.333 ;; Quillayes 
 Queso gauda laminado ; Lácteos ; kg ; 3.800 ;; Quillayes 
 Queso gruyere ; Lácteos ; kg ; 8.400 ;; artisan 
 Queso mantecoso ; Lácteos ; kg ;9160;; artisan 
 queso mascarpone ; Lácteos ; kg ; 6.490 ;; quesos artizan 
 Queso mozarella ; Lácteos ; kg ; 7.955 ;; Delicias y mas SpA 
 Queso mozarella boconccini ; Lácteos ;kg; 8.500 ; Bolsas de 250 gr x 4250 ; Granarolo 
 Queso parmesano en trozo ; Lácteos ;kg; 12.524 ;; Don Jaime 
 Queso parmesano rallado ; Abarrotes ;kg; 16.980 ;; Delicias y mas SpA 
 Queso provolone ; Lácteos ;kg; 8.625 ;; Quillayes 
 Queso roquefort ; Lácteos ;kg; 29.800 ;; Fruton 
 Quinoa blanca ; Abarrotes ;kg; 4.400 ;; Fruton 
 Quinoa negra ; Abarrotes ;kg; 4.200 ;; Fruton 
 Quinoa roja ; Abarrotes ;kg; 4.200 ;; Fruton 
 Quita esmalte ; Abarrotes ;c/u; 496 ; 100 cc ; Salcobrand 
 Rabanito ; Frutas/Verduras ;kg; 1.390 ;; Comercial Valencia 
 Rabano blanco ; Frutas/Verduras ;kg; 2.370 ;; Agromarket 
 Radiccio ; Frutas/Verduras ;c/u; 375 ;; Agromarket 
 Ramazzotti ; LICORES ; C/U ; 6.657,00 ; BOTELLA 750 CC ; CCU 
 Ramazzotti violetto ; Tragos ;botella; 7.458,00 ;; CCU 
 Ramitas ; Abarrotes ;bolsa; 1.190 ;; Delicias y mas SpA 
 Ravioles ; Otras Comidas ;kg; 5.475 ;; Tutta Pasta 
 Rectangulo de callampas ; Frutas/Verduras ;kg; 2.900 ;; New york bakery 
 Red mustard ; Frutas/Verduras ;kg; 9.800 ;; BioInvest 
 Redbull ; Tragos ;lata; 1.000 ;; CCU 
 Redbull Sugar Free ; Tragos ;lata; 1.000 ;; CCU 
 Reineta fresca fileteada ; Mariscos/Pescados ;kg; 6.000 ;; Southwind 
 Repollo ; Frutas/Verduras ;unid; 1.590 ;; Comercial Valencia 
 Repollo Morado ; Frutas/Verduras ;unid; 1.690 ;; Comercial Valencia 
 Ricotta ; Lácteos ; kg ; 6.890 ;; Fruton 
 Riñones de vacuno  ; Carnes ;kg; 998 ;; Comercial Chau 
 Robalo ; Mariscos/Pescados ;kg; 8.200 ;; Mar express 
 Rocotto ; Frutas/Verduras ;kg; 7.992 ;; Fruton 
 Reineta fresca fileteada ; Mariscos/Pescados ;kg; 7.100 ;; Alimex 
 Rocotto ; Frutas/Verduras ;c/u; 2.980 ;; Fruton 
 Roll camarón envuelto en palta ; Otras Comidas ;c/u; 300 ;; Camila Vivanco 
 Roll camarón envuelto en salmón ; Otras Comidas ;c/u; 280 ;; Camila Vivanco 
 Roll camarón envuelto en sésamo ; Otras Comidas ;c/u; 280 ;; Camila Vivanco 
 Roll camarón palta envuelto en sésamo ; Otras Comidas ;c/u; 280 ;; Camila Vivanco 
 roll de salmón envuelto en palta ; Otras Comidas ;c/u; 300 ;; Camila Vivanco 
 Roll salmón envuelto en salmón ; Otras Comidas ;c/u; 250 ;; Camila Vivanco 
 Roll salmón envuelto en sésamo ; Otras Comidas ; c/u ;280;; Camila Vivanco 
 rollos papel  ; Abarrotes ; pqte ; 12.470 ; 2 rollos de 300 mt de  ; cambiar 
 Romero ; Abarrotes ;atado; 495 ; 55 gr x bandeja ; Agromarket 
 Ron Baccardi Apple ; Tragos ;botella; 5.202 ;; Germán García 
 Ron Baccardi dorado ; Tragos ;botella; 4.525 ;; German García 
 Ron Baccardi limón ; Tragos ;botella; 8.951 ;; German García 
 Ron Baccardi manzana ; Tragos ;botella; 7.042 ;; German García 
 Ron Baccardi razz ; Tragos ;botella; 8.697 ; BOTELLA 750 CC ; VYL 
 Ron Barbacourt ; Tragos ;botella; 4.622 ;; German García 
 Ron Barceló blanco ; Tragos ;botella; 5.755 ;; German García 
 Ron Barceló dorado ; Tragos ;botella; 4.446 ;; German García 
 Ron Cabo Viejo ; Tragos ;botella; 1.709 ; 750cc  (caja  12 unid.) ; CCU 
 Ron Flor de Caña 5 años ; Tragos ;botella; 1.169 ; 1,750 ltrs ; German García 
 Ron Flor de Caña Dorado ; Tragos ;botella; 5.402 ; BOTELLA 1 LT ; VYL 
 Ron habana Club ; Tragos ;botella; 5.201 ; añejo reserva ; German García 
 Ron habana club añejo especial ; Tragos ;botella; 4.750 ;; CCU 
 Ron habana Club blanco ; Tragos ;botella; 6.468 ;; German García 
 Ron pampero ; Tragos ;botella; 10.300 ; BOTELLA 750 CC ; CAMBIAR 
 Ron Sierra Morena Blanco ; Tragos ;botella; 2.851 ;; CCU 
 Ron Sta. Teresa ; Tragos ;botella; 3.914 ;; German García 
 Ron Varadero blanco ; Tragos ;botella; 3.878 ;; German García 
 Rucula ; Frutas/Verduras ;kg; 11.765 ;; Comercial Johnson 
 Rucula Europea ; Frutas/Verduras ;kg; 6.300 ;; Jardin del Chef 
 Rúcula Italiana ; Frutas/Verduras ;kg; 3.900 ;; Comercial Valencia 
 Rúcula Selvática ; Frutas/Verduras ;kg; 6.300 ;; Agromarket 
 Ruibarbo ; Frutas/Verduras ;kg; 3.500 ;; Patagonia austral 
 Saborizantes de café ; Abarrotes ;botella; -   ;; Café dároma 
 Sake ; Tragos ;c/u; 2.628 ;; German García 
 Sal ; Abarrotes ;kg; 550 ;; Fruton 
 Sal gruesa ; Abarrotes ;kg; 1.200 ;; MIGUEL FARIAS 
 Sal maldon ; Tragos ;kg; 12.000 ;; com. Ecos sur ltda. 
 Sal semi gruesa ; Abarrotes ;kg; 320 ;; cambiar 
 Salmón fresco ; Mariscos/Pescados ;kg; 11.600 ;; Southwind 
 Salmón ahumado ; Mariscos/Pescados ;kg; 18.500 ;; Southwind 
 Salmón ahumado recorte ; Mariscos/Pescados ;kg; 10.600 ;; Southwind 
 Salmón fresco ; Mariscos/Pescados ;kg; 12.800 ;; Cerro pacifico 
 Salmón fresco plaqueta ; Mariscos/Pescados ;kg; 9.100 ;; Southwine 
 Salsa bourbon style ; Abarrotes ;botella; 1 ; botella de 2 lt ; nestle 
 Salsa de carne ; Abarrotes ;kg; 1.234 ;; cambiar 
 Salsa de chocolate ; Abarrotes ;lt; 1.260 ; 60 ml ; Comercial San Joaquin 
 Salsa de ciruela ; Abarrotes ;kg; ?? ;; cambiar 
 Salsa de ostra  ; Abarrotes ;kg; 2.990 ;; Fruton 
 Salsa de pescado ; Abarrotes ;lt; 4.380 ;; Delicias y mas SpA 
 Salsa de tabasco ; Abarrotes ;lt; 2.990 ; 60 ml ; Fruton 
 Salsa de tomate ; Abarrotes ;kg; 1.900 ; 380 unidad 200 gr ; Fruton 
 Salsa española ; Abarrotes ;kg; 2.900 ;; Gudland 
 Salsa general tso's ; Abarrotes ;botella; 10.900 ; botella de 2 lt ; nestle 
 Salsa hoisin ; Abarrotes ;kg; 3.280 ;; Fruton 
 Salsa inglesa ; Abarrotes ;botella; 4.490 ; 185 ml ; Fruton 
 Salsa swet & sour ; Abarrotes ;botella; 1 ; botella de 2 lt ; nestle 
 Salsa tahine ; Abarrotes ;lt; 3.900 ; salsa preparada ; Nezar Lama 
 Salsa tahine y tomates ; Otras Comidas ;lt; 3.000 ; salsa preparada ; Nezar Lama 
 Salsa Tandoori ; Abarrotes ;kg; 20.000 ;; cambiar 
 Salsa teriyaki sauce ; Abarrotes ;botella; 4.900 ;; Fruton 
 Salvia ; Frutas/Verduras ;atado; 5.990 ;; Agromarket 
 Sandía ; Frutas/Verduras ;c/u; 3.900 ; -   ; Fruton 
 Sandwichs personal(2 unidades) ; Otras Comidas ;c/u; 1.268 ;; Meat and foot 
 Saquitos de alcachofas y queso de cabra ; Otras Comidas ;unid; 300 ;; Gastón Castillo 
 Schichimi togarashi ; Abarrotes ;kg; 1 ;; cambiar 
 Scones de hierbas ; Abarrotes ;unid; 110 ;; Estercina 
 Semilla de Anis ; Abarrotes ;kg; 21.190 ; Anis ; Fruton 
 semillas de cilantro ; Abarrotes ;kg; 7.060 ;; Fruton 
 semillas de comino ; Abarrotes ; kg ; 5.600,00 ;; Gudland 
 Semillas de hinojo ; Frutas/Verduras ;kg; 22.000 ;; Fruton 
 semillas de mostaza  ; Abarrotes ;kg; 11.760 ;; Fruton 
 Semola ; Abarrotes ; kg ; 932 ;; cambiar 
 Semolina ; Abarrotes ;kg; 980 ;; Centro Abasto 
 Servilletas de papel ; Abarrotes ; Caja ; 46.890 ; Caja 24 paq x 120 Unidades ; Coesmo 
 Sésamo blanco ; Abarrotes ;kg; 6.000 ;; MIGUEL FARIAS 
 Sésamo negro ; Abarrotes ;kg; 5.500 ;; Fruton 
 Shawarma pequeño ; Otras Comidas ;c/u; 590 ;; Ximena manzur 
 Solomillo de cerdo ; Carnes ;kg; 3.298 ;; Comercial Chau 
 Sopaipillas ; Abarrotes ;c/u; 56 ;; cambiar 
 Sorbete de durazno ; Helados ;lt; 2.426 ;; Bobbo 
 Sorbete de frambuesa ; Helados ;lt; 2.478 ;; Bobbo 
 Sorbete de limón ; Helados ;lt; 2.426 ;; Bobbo 
 Sorbete de manzana ; Helados ;lt; 2.425 ;; Bobbo 
 Sorbete de naranja ; Helados ;lt; 2.489 ;; Bobbo 
 Soya ; Abarrotes ;lt; 2.645 ; Balde 18,9 litros 53350 ; Delicias y mas SpA 
 Spongi ; Abarrotes ;c/u; 276 ;; Chile Distribución 
 Sprite ; Bebidas ;botella; 772 ; botella 1.5 LT ; Andina 
 Sprite chica 330cc ; Bebidas ;lata; 269 ; botella 330cc ; Andina 
 Sprite zero ; Bebidas ;botella; 790 ; botella 1.5 LT ; Andina 
 Sprite zero 3 LT ; Bebidas ;botella; 1.756 ; botella 3 LT ; Andina 
 Sprite zero chica 330cc ; Bebidas ;botella; 258 ; botella 330cc ; Andina 
 Sucralosa ; Abarrotes ;caja; 14.000 ; sucralosa 1000 unid ; Delicias y mas SpA 
 Super 8 ; Abarrotes ;c/u; 290 ;; A Y R 
 Syroup Amaretto ; Abarrotes ;BOTELLA; 6.000 ;; Comercial dicalla 
 Syroup Avellanas ; Abarrotes ;BOTELLA; 6.000 ;; Comercial dicalla 
 Syroup Chocolate ; Abarrotes ;BOTELLA; 6.000 ;; Comercial dicalla 
 Tabaco arguilas ; Otras Comidas ;c/u; 7.479 ; lata 250 grs ; Comercial damasco limitada 
 Tabletas philiips ; Abarrotes ;caja; 2.269 ; 30 tabletas ; Salcobrand 
 Taboule ; Otras Comidas ;kg; 11.800 ;; Nezar Lama 
 Tahine ; Otras Comidas ;frasco; 6.448 ; 400 grs ; cambiar 
 Tallarines  ; Abarrotes ;kg; 2.072 ;; Cabezas y cia 
 Tandoori masala en polvo ; Abarrotes ;kg; 5.170 ;; Gudland 
 Tapa pecho ; Carnes ;kg; 2.498 ;; Comercial Chau 
 Tapioca ; Abarrotes ;Bolsa; 2.100 ; Bolsa de 400 gr ; china market 
 Tartaleta de durazno ; Dulces/Tortas ;c/u; 6.302 ;; Amarena 
 Tat soi ; Frutas/Verduras ;kg; 9.800 ;; BioInvest 
 Té break fast ; Abarrotes ;caja; 3.740 ; 20 bolsitas ; cambiar 
 Té cedrón ; Abarrotes ;caja; 1.290 ; 20 bolsitas ; cambiar 
 Té darjeeling himalaya ; Abarrotes ;caja; 2.800 ; 20 bolsitas ; cambiar 
 Té de boldo ; Abarrotes ;caja; 540 ; 20 bolsitas ; cambiar 
 Té de hierbas lipton ; Abarrotes ;caja; 1.250 ; 50 bolsitas ; cambiar 
 Té de limón ; Abarrotes ;caja; 1.660 ; 20 bolsitas ; cambiar 
 Té de manzana con canela ; Abarrotes ;caja; 620 ; 20 bolsitas ; cambiar 
 Té de manzanilla ; Abarrotes ;caja; 520 ; 20 bolsitas ; cambiar 
 Té de menta ; Abarrotes ;caja; 520 ; 20 bolsitas ; cambiar 
 Té de naranja ; Abarrotes ;caja; 3.640 ; 20 bolsitas ; cambiar 
 Tè earl grey ; Abarrotes ;caja; 1.429 ; 100,00 ; cambiar 
 Té forest fruits ; Abarrotes ;caja; 1.540 ; 20 bolsitas ; cambiar 
 Té negro ; Abarrotes ;caja; 2.545 ; 100 bolsitas ; cambiar 
 Té rojo ; Abarrotes ;caja; 2.545 ; 20 bolsitas ; cambiar 
 Té surtido twinings ; Abarrotes ;caja; 1.337 ; 10 bolsitas ; cambiar 
 Té verde ; Abarrotes ;caja; 1.296 ; 25 bolsitas ; cambiar 
 Té yellow label ; Abarrotes ;caja; 2.990 ; X 100 unid ; Centro Abasto 
 Tejas Peruanas ; Dulces/Tortas ;c/u; 650 ;; Daniel Gelferstein 
 Temaki (conos) ; Otras Comidas ;c/u; 300,0 ;; Camila Vivanco 
 Tenedores de madera ; Abarrotes ;c/u; 9,0 ; pqte de 25 unid ; cambiar 
 Tequila José cuervo dorado ; Tragos ;botella; 8.390 ;; German García 
 Tequila Olmeca ; Tragos ;botella; 9.680,0 ; 750 ml. ; CCU 
 Tequila Sombrero negro ; Tragos ;botella; 7.107,9 ; 750 ml. ; CCU 
 Tequila senda ; Tragos ;botella; 5.197 ; BOTELLA 700 CC ; VYL 
 Termómetro ; Abarrotes ;c/u; 936 ;; Salcobrand 
 Tilapia ; Mariscos/Pescados ;kg; 3.900 ; fileteada 120 grs ; Deli food 
 Tinta de Calamar ; Abarrotes ;frasco; 5.336 ; frasco de 200 grs ; cambiar 
 toalla de papel rollo ; Abarrotes ;c/u; 6.040 ; 8000 EL PAR ; Coesmo 
 Toallas higienicas donasept suave alas ; Abarrotes ;pqte; 899 ;; SalcoBrand 
 Toblerone nuez, naranja, manjar ; Dulces/Tortas ;c/u; 14.900 ;; Carmelita Ossa 
 Tocino ahumado ; Carnes ;kg; 12.390 ;; Delicias y mas SpA 
 Tofee Lúcuma y Nueces triangular ; Dulces/Tortas ;c/u; 390 ;; Daniel Gelferstein 
 Tofu ; Otras Comidas ;kg; 7.200 ;; Delicias y mas SpA 
 Tomate ; Frutas/Verduras ;kg; 1.490 ; -   ; Fruton 
 Tomate cherry ; Frutas/Verduras ;kg; 1.980 ; 110 unid * kg ; Fruton 
 Tomate Coktail ; Frutas/Verduras ;kg; 1.980 ; 65 unid*kg ; Fruton 
 Tomate deshidratado ; Frutas/Verduras ;kg; 12.900 ;; Fruton 
 Tomate en conserva ; Abarrotes ;lata; 1.328 ; lata de 2,550 kg ; cambiar 
 Tomate pera  ; Frutas/Verduras ;kg; 1.590 ;; Agromarket 
 Tomillo fresco ; Abarrotes ;atado; 1.390 ; mata de 15 grs. ; Fruton 
 Tomillo seco ; Abarrotes ;kg; 8.335 ; bolsa de 1 kg ; cambiar 
 Torta concorde ; Dulces/Tortas ;c/u; 23.100 ;; Karina 
 Torta dámero  ; Dulces/Tortas ;c/u; 24.500 ;; Carmelita Ossa 
 Torta de  manjar nuez ; Dulces/Tortas ;c/u; 17.000 ;; Carmelita Ossa 
 Torta de amapola frambuesa ; Dulces/Tortas ;c/u; 31.092 ;; El Esfuerzo 
 Torta de avellanas y lúcumas ; Dulces/Tortas ;c/u; 17.000 ;; Amarena 
 Torta de castañas ; Dulces/Tortas ;c/u; 17.000 ;; Carmelita Ossa 
 Torta de chocolate ; Dulces/Tortas ;c/u; 29.412 ;; El Esfuerzo 
 Torta de chocolate lúcuma ; Dulces/Tortas ;c/u; 39.000 ;; El Esfuerzo 
 Torta de chocolate mazapán ; Dulces/Tortas ;c/u; 15.966 ;; Amarena 
 Torta de frambuesas ; Dulces/Tortas ;c/u; 16.605 ;; Presidente riesco 
 Torta de mazapán ; Dulces/Tortas ;c/u; 20.500 ;; Varsoviene 
 Torta de merengue ; Dulces/Tortas ;c/u; 23.530 ;; Adriana Moreno 
 Torta de mil hojas con manjar ; Dulces/Tortas ;c/u; 45.000 ;; El Esfuerzo 
 Torta de pan.frambuesas con cubierta de mazapán ; Dulces/Tortas ;c/u; 15.597 ;; Presidente riesco 
 Torta de panqueque choc.-mazapan ; Dulces/Tortas ;c/u; 20.500 ;; Amarena 
 Torta de panqueque choc., manjar, almendra ; Dulces/Tortas ;c/u; 20.336 ;; Amarena 
 Torta de panqueque frambuesas ; Dulces/Tortas ;c/u; 17.000 ;; Presidente riesco 
 Torta de panqueque Manjar, nuez, lúcuma ; Dulces/Tortas ;c/u; 14.706 ; 30 pax ; Carmelita Ossa 
 Torta de panqueque naranja ; Dulces/Tortas ;c/u; 24.500 ;; Carmelita Ossa 
 Torta de panqueque nuez, manjar ; Dulces/Tortas ;c/u; 17.563 ; 30 pax ; Carmelita Ossa 
 Torta de panqueque y almendra ; Dulces/Tortas ;c/u; 17.439 ;; Presidente riesco 
 Torta francisco José ; Dulces/Tortas ;c/u; 38.000 ;; El Esfuerzo 
 Torta Granité ; Dulces/Tortas ;c/u; 24.500 ;; Carmelita Ossa 
 Torta hojarasca ; Dulces/Tortas ;c/u; 14.286 ;; Amarena 
 Torta Josefina ; Dulces/Tortas ;c/u; 10.924 ;; Amarena 
 Torta la serena ; Dulces/Tortas ;c/u; 31.092 ;; El Esfuerzo 
 Torta las rusas ; Dulces/Tortas ;c/u; 31.092 ;; El Esfuerzo 
 Torta le Marginy ; Dulces/Tortas ;c/u; 24.500 ;; Carmelita Ossa 
 Torta mil hojas de damasco y huevo ; Dulces/Tortas ;c/u; 19.328 ;; Las violetas 
 Torta panqueque, frambuesas, manjar, ganache ; Dulces/Tortas ;c/u; 20.800 ;; Carmelita Ossa 
 Torta Paula ; Dulces/Tortas ;c/u; 11.765 ;; Amarena 
 Torta pompadour ; Dulces/Tortas ;c/u; 16.000 ;; Carmelita Ossa 
 Torta saint honoré ; Dulces/Tortas ;c/u; 39.000 ;; El Esfuerzo 
 Torta tres leches ; Dulces/Tortas ;c/u; 16.807 ;; Amarena 
 Tortilla de rescoldo ; Abarrotes ;un; 4.000 ;; El Esfuerzo 
 TORTILLA ESPAÑOLA ; Abarrotes ;c/u; 5.534 ; 25 PORCIONES ; Cencosud Retail 
 Transporte ; Comidas opcionales (carros) ;c/u; 30.000 ;;
 Trapero ; Abarrotes ;c/u; 950 ;; Chile Distribución 
 Trilogía de chocolate ; Dulces/Tortas ;c/u; 13.361 ;; Amarena 
 Triple sec ; Tragos ;botella; 6.183 ;; CAMBIAR 
 TRONCO DE CASTAÑA ; Dulces/Tortas ;c/u; 23.000 ;; El Esfuerzo 
 Trufa de Naranja y praline de Almendras ; Dulces/Tortas ;c/u; 480 ;; Daniel Gelferstein 
 Trufa de Praline de nuez ; Dulces/Tortas ;c/u; 480 ;; Daniel Gelferstein 
 Truto de ala ; Carnes ;kg; 2.646 ;; Pallet Steak 
 Truto de pato ; Carnes ;kg; 8.980 ; sin rabadilla ; Comercial Chau 
 Truto de pollo corto ; Carnes ;kg; 3.598 ;; Comercial Chau 
 Truto de pollo entero  ; Carnes ;kg; 3.198 ;; Pallet Steak 
 Truto de pollo largo ; Carnes ;kg; 1.098 ;; Comercial Chau 
 Tubo de filete  ; Carnes ;kg; 10.250 ; 6,5 cm. De diámetro ; Comercial Chau 
 Tubo de filete dúo ; Carnes ;kg; 9.000 ; 5 cm. De diámetro ; Comercial Chau 
 Tubo de filete trío ; Carnes ;kg; 9.000 ; 5 cm. De diámetro ; Comercial Chau 
 Tuna ; Frutas/Verduras ;kg; 4.590 ;; Fruton 
 Turbot entero calibre 1-2 ; Mariscos/Pescados ;kg; 5.950 ; pesa entre 1.5 kg -2 kg ; Seafood 
 Turbot entero sin viseras ; Mariscos/Pescados ;kg; 5.480 ; pesa entre 0,5kg-1 kg ; Seafood 
 Turbot entero sin viseras ; Mariscos/Pescados ;kg; 5.690 ; pesa entre 1kg -1,5 kg ; Seafood 
 Turbot filete ; Mariscos/Pescados ;kg; 10.800 ; pesa entre 260grs-400grs ; Seafood 
 Turrón de doña pepa ; Dulces/Tortas ;c/u; 8.000 ;; Señor de los milagros 
 Turrón español dulce ; Dulces/Tortas ;c/u; 1.600 ;; A y R 
 Tuto de pavo deshuesado ; Carnes ;kg; 2.298 ;; Comercial Chau 
 Uva blanca ; Frutas/Verduras ;kg; 2.980 ;; Fruton 
 Uva negra ; Frutas/Verduras ;kg; 1.490 ;; Fruton 
 Uva rosada ; Frutas/Verduras ;kg; 3.500 ;; Fruton 
 Vaina de vainilla ; Abarrotes ;c/u; 5.960 ;; Fruton 
 Vainilla líquida  ; Abarrotes ;lt; 1.750 ;; Chile Distribución 
 Vaso de Chocolate/crema Mazapan ; Dulces/Tortas ;c/u; 1.490 ;; Daniel Gelferstein 
 Vaso plumavit-120 cc ; Abarrotes ;c/u; 10 ;; cambiar 
 Vaso plumavit-180 cc ; Abarrotes ;c/u; 11 ;; cambiar 
 Vasos desechables transparentes ; Abarrotes ;c/u; 41 ;; Delicias y mas SpA 
 Velas corrientes ; Abarrotes ;pqte; 450 ; 4 unid * pqte ; Cencosud Retail 
 Velas de cumpleaños ; Abarrotes ;pqte; 460 ; unid * pqte ; cambiar 
 Verduras surtidas ; Frutas/Verduras ;atado; 800 ;; Comercial Valencia 
 vermicelli ; Abarrotes ;kg; 2.000 ;; Delicias y mas SpA 
 Vermouth seco ; Tragos ;botella; 1.672 ; bot 750 cc ; German García 
 Viadil ; Abarrotes ;;;; Salcobrand 
 Vienesa ; Carnes ;c/u; 109 ;; Comercial Chau 
 Vienesas ; Carnes ;kg; 2.398 ;; Comercial Chau 
 Vinagre balsámico ; Abarrotes ;botella; 2.000 ; 500 cc marco polo ; A Y R 
 Vinagre blanco ; Abarrotes ;botella; 416 ; 500cc  ; Delicias y mas SpA 
 Vinagre de arroz ; Abarrotes ;botella; 2.990 ; Bot. 700 ml. ; Centro Abasto 
 Vinagre de jerez ; Abarrotes ;botella; 2.990 ; 250cc ; Delicias y mas SpA 
 Vinagre de manzana ; Abarrotes ;botella; 1.290 ; 500 cc   ; Centro Abasto 
 Vinagre de sherry ; Abarrotes ;botella; 2.503 ; 250cc ; Delicias y mas SpA 
 Vinagre de sushi ; Abarrotes ;botella; 2.990 ; 300cc ; Delicias y mas SpA 
 Vinagre densa di balsamico tartufo  ; Abarrotes ;botella; 10.780 ; 250 CC ; Gourmet Italia 
 Vinagre rosado ; Abarrotes ;botella; 765 ; 500cc  ; MIGUEL FARIAS 
 Vino 35 Sur Sauvignon blanc ; Vinos ; botella ; 1.246 ;; Vinos 
 Vino blanco en caja 1,5 lt ; Vinos ; caja ; 1.235 ;; German García 
 Vino blanco en caja 2 lt ; Vinos ;caja; 1.303 ; 2000cc ; CCU 
 Vino Caliterra ; Vinos ;botella; 2.217 ; 750 cc ; Peumo 
 Vino Casillero del Diablo Chardonnay ; Vinos ;botella;;; Concha y toro 
 Vino Castillo de Molina C.Sauvignon ; Vinos ;botella; 3.746 ;; CCU 
 Vino Castillo de Molina Sauvignon Blanc ; Vinos ; botella ; 3.746 ;; CCU 
 Vino Chino ; Vinos ;botella; 3.362 ; 500cc  ; Delicias y mas SpA 
 Vino Concha y Toro Trío Chardonnay ; Vinos ;botella;;; Vinos 
 Vino Cousiño Macul Don Luis Sauvignon Blanc ; Vinos ;botella; 1.663 ;; Cousiño Macul 
 Vino Cremaschi Furlotti Reserva carmenere ; Vinos ;botella; 2.361 ;; VITIVINICOLA CREMASCHI BARRIGA S.A. 
 Vino Cremaschi Furlotti Reserva chardonay ; Vinos ;botella; 2.510 ;; VITIVINICOLA CREMASCHI BARRIGA S.A. 
 Vino Cremaschi Furlotti Reserva sauvignon ; Vinos ;botella; 2.361 ;; VITIVINICOLA CREMASCHI BARRIGA S.A. 
 Vino Cremaschi Furlotti Reserva shyrah ; Vinos ;botella; 2.510 ;; VITIVINICOLA CREMASCHI BARRIGA S.A. 
 Vino Cremaschi Furlotti sauvignon blanc varietal ; Vinos ;botella; 1.500 ;; VITIVINICOLA CREMASCHI BARRIGA S.A. 
 Vino CUVEE ALEXANDER CARMENERE ; Vinos ;botella; 12.500 ;; PREMIUN BRANDS 
 Vino Gran Tarapacá Reserva Sauvignon Blanc ; Vinos ;botella; 4.622 ;; Tarapaca 
 Vino La Rosa Reserva Chardonnay ; Vinos ;botella;;; Vinos 
 Vino Late Harvest undurraga ; Vinos ;botella; 4.500 ;; Vinos 
 Vino León de Tarapacá Chardonnay ; Vinos ;botella;;; Vinos 
 Vino Marqués de Casa Concha C.SAUVIGNON ; Vinos ;botella; 7.500 ;; Concha y toro 
 Vino MONTES ALPHA C.SAUVIGNON ; Vinos ;botella; 7.500 ;; MONTES 
 Vino MontGrass Cabernet reserva ; Vinos ;botella; 4.123 ;; Vinos 
 Vino MontGrass Chardonnay ; Vinos ;botella; 1.515 ;; Vinos 
 Vino MontGrass Chardonnay reserva ; Vinos ;botella; 2.536 ;; Vinos 
 Vino Pipeño ; Vinos ;botella; 2.536 ;; Vinos 
 Vino Santa Rita Medalla Real Sauvignon Blanc ; Vinos ;botella; 2.477 ;; Vinos 
 Vino Tinto en botella ; Vinos ; botella ; 1.260 ;; German García 
 Vino Tinto en caja ; Vinos ; lt ; 954 ;; German García 
 Vino tinto en caja 1.5 lt ; Vinos ; lt ; 1.235 ;; German García 
 Vino tinto en caja 2 lt ; Vinos ;lt; 1.992 ;; CCU 
 Vino Valdivieso Sauvignon Blanc ; Vinos ;botella; 1.852 ;; Viña Valdivieso 
 Vino Viña Tarapacá Chardonnay ; Vinos ;botella;;; Vinos 
 Virutilla antiadherente ; Abarrotes ;c/u; 851 ;; Comercial San Joaquin 
 Virutilla de olla fina ; Abarrotes ;c/u; 174 ;; Chile Distribución 
 Virutilla de olla gruesa ; Abarrotes ;c/u; 140 ;; Chile Distribución 
 Virutilla parrillera ; Abarrotes ;c/u; 100 ;; Chile Distribución 
 Vodka Absolut 1 lt ; Tragos ;botella; 6.406 ; 1 litro ; CCU 
 Vodka Absolut 750 cc ; Tragos ;botella; 6.764 ; 750 cc ; CCU 
 Vodka Absolut apeach ; Tragos ;botella; 7.100 ;; CCU 
 Vodka Absolut citron ; Tragos ;botella; 8.306 ;; CCU 
 Vodka Absolut currant ; Tragos ;botella; 6.422 ;; CCU 
 Vodka Absolut mandarin ; Tragos ;botella; 8.561 ; 750 ml. ; CCU 
 Vodka Absolut mango ; Tragos ;botella; 6.422 ;; CCU 
 Vodka Absolut pear ; Tragos ;botella; 8.499 ;; CCU 
 Vodka Absolut peppar ; Tragos ;botella; 6.421 ;; CCU 
 Vodka Absolut raspberry ; Tragos ;botella; 8.618 ; 750 ml. ; CCU 
 Vodka Absolut vainilla ; Tragos ;botella; 6.421 ;; CCU 
 Vodka Pl ; Tragos ;botella; 2.355 ;; German García 
 Vodka skyy ; Tragos ;botella; 5.536 ;; CCU 
 Vodka skyy citrus ; Tragos ;botella; 5.425 ;; CCU 
 Vodka skyy grape ; Tragos ;botella; 4.626 ;; CCU 
 Vodka skyy passion fruit ; Tragos ;botella; 4.626 ;; CCU 
 Vodka skyy pineapple ; Tragos ;botella; 4.626 ;; CCU 
 Vodka skyy raspberrie ; Tragos ;botella; 5.425 ;; CCU 
 Vodka Stolishnaya ; Tragos ;botella; 4.849 ;; Escocia 
 Vol au vent ; Abarrotes ;bandeja; 4.360 ; 50 unidades ; cambiar 
 Vol au vent ; Abarrotes ;c/u; 30 ;; cambiar 
 Volcan de lucúma ; Dulces/Tortas ;c/u; 24.285 ; 30 pax ; la tarleta 
 Wasabi ; Abarrotes ;sobre; 6.169 ;; Delicias y mas SpA 
 Whisky 100 pipper´s  ; Tragos ;botella; -   ; 750 cc ; German García 
 Whisky Ballantines ; Tragos ;botella; 7.049 ;  750 cc ; CCU 
 Whisky Chivas Reagal ; Tragos ;botella; 20.230 ; 12 años 750 cc ; German García 
 Whisky GLENLIVET ; Tragos ;botella; 16.205 ; 12 años ; Comercial peumo 
 Whisky jack daniels ; Tragos ;botella; 11.945 ;; German García 
 Whisky JWalker Etiqueta Negra ; Tragos ;botella; 25.210 ; 750 ml. ; Comercial peumo 
 Whisky JWalker Etiqueta roja ; Tragos ;botella; 9.084 ; 750 ml. ; Comercial peumo 
 Yemas ; Lácteos ;lt; 3.796 ;; Premiun s.a. 
 Yoghurt ; Lácteos ;lt; 3.015 ; COLUN X 1 LITRO ; Delicias y mas SpA 
 Yoghurt sabores ; Lácteos ;c/u; 120 ;; cambiar 
 Yuca ; Frutas/Verduras ;kg; 1.980 ;; Comercial Valencia 
 Zanahorias ; Frutas/Verduras ;pqte; 790 ; 8 unid x pqte ; Comercial Valencia 
 Zapallitos rellenos ; Frutas/Verduras ;c/u; 450 ;; Nezar Lama 
 Zapallo baby ; Frutas/Verduras ; kg ; 275 ;; Agromarket 
 Zapallo Camote ; Frutas/Verduras ;kg;990;; Comercial Valencia 
 Zapallo italiano c/u ; Frutas/Verduras ;c/u; 590 ;; Comercial Valencia 
 Zatar ; Abarrotes ; kg ;;; Nezar Lama 
 Zeste de limón ; Frutas/Verduras ;;;; Bodega 
 Zeste de limón de pica  ; Frutas/Verduras ;; 120 ;; Bodega 
 Zeste de naranja ; Frutas/Verduras ;;;; Bodega 
 Zuccini ; Frutas/Verduras ; kg ; 3.590 ; 80 gr, c/u $400 ; Comercial Valencia 
 Gin boolton ; Tragos ; botella ; 6.000 ;; Distribuidora La Martina 
 Agua Tónica Premiun Fentimans ; Bebidas ; botellín ; 1.150 ;; DESA 
 Máquina de café nespresso ; Abarrotes ; máquina ; -   ; Máquina residente en casona ; Nespresso Profesional 
 Cápsulas de café nespresso ; Abarrotes ; capsulas ; 490 ; cápsulas planas italianas ; Nespresso Profesional 
 PAN DE CHURRASCO ; Abarrotes ;kg; 2.410 ; 30 unidades por kl ; Rosas Chicas 
 churrasco interfoliado ; Carnes ;kg; 6.500 ;; Delicias y mas SpA 
 Carrito de milanesas 200 porc ; Comidas Opcionales (carros) ;un; 330.000 ;; Carritos y Carnes 
Barquillos simples sin relleno 40 un;Dulces/Tortas;un;800;;La Barquilleria Esquina
 espinaca baby ; Frutas/Verduras ;kg; 2.500 ;; Comercial Johnson 
 Sandwichs J/T/Q/S/L ; colacion persona ;un; 1.500 ;; El Esfuerzo 
 Sandwichs vegetariano ; colacion persona ;un; 1.500 ;; El Esfuerzo 
 queso pecorino ; quesos ;kg; 16.450 ;; granarolo 